comment_id,post_id,author_id,created_at,like_count
c0000001,post000001,u00209,2025-03-03T00:28:31,2
c0000002,post000002,u00120,2025-03-03T00:39:09,1
c0000003,post000001,u00380,2025-03-03T00:50:11,0
c0000004,post000002,u00192,2025-03-03T03:32:35,0
c0000005,post000003,u00192,2025-03-03T03:49:13,1
c0000006,post000001,u00096,2025-03-03T06:21:51,1
c0000007,post000003,u00133,2025-03-03T06:40:32,1
c0000008,post000003,u00268,2025-03-03T06:51:42,1
c0000009,post000001,u00222,2025-03-03T06:57:14,1
c0000010,post000001,u00117,2025-03-03T07:36:26,0
c0000011,post000002,u00225,2025-03-03T07:47:25,2
c0000012,post000004,u00037,2025-03-03T08:05:51,0
c0000013,post000006,u00098,2025-03-03T08:12:35,0
c0000014,post000003,u00097,2025-03-03T08:15:09,2
c0000015,post000002,u00090,2025-03-03T09:00:45,1
c0000016,post000007,u00006,2025-03-03T09:08:30,2
c0000017,post000005,u00339,2025-03-03T09:21:24,0
c0000018,post000003,u00265,2025-03-03T09:31:01,0
c0000019,post000003,u00339,2025-03-03T09:42:58,1
c0000020,post000007,u00186,2025-03-03T10:31:57,0
c0000021,post000008,u00333,2025-03-03T11:02:47,1
c0000022,post000007,u00259,2025-03-03T11:11:02,1
c0000023,post000007,u00260,2025-03-03T11:27:42,1
c0000024,post000005,u00397,2025-03-03T11:37:17,0
c0000025,post000010,u00037,2025-03-03T11:43:50,1
c0000026,post000011,u00101,2025-03-03T11:53:12,2
c0000027,post000001,u00096,2025-03-03T12:05:41,1
c0000028,post000001,u00175,2025-03-03T12:11:35,2
c0000029,post000008,u00185,2025-03-03T12:49:48,0
c0000030,post000011,u00006,2025-03-03T13:08:56,2
c0000031,post000008,u00013,2025-03-03T13:59:05,1
c0000032,post000001,u00090,2025-03-03T14:15:00,1
c0000033,post000002,u00189,2025-03-03T14:19:43,0
c0000034,post000009,u00172,2025-03-03T14:34:29,2
c0000035,post000004,u00383,2025-03-03T14:37:17,3
c0000036,post000010,u00098,2025-03-03T15:03:25,0
c0000037,post000009,u00348,2025-03-03T15:15:25,1
c0000038,post000005,u00259,2025-03-03T15:50:31,2
c0000039,post000012,u00210,2025-03-03T17:18:59,1
c0000040,post000011,u00067,2025-03-03T17:36:36,0
c0000041,post000013,u00192,2025-03-03T17:42:23,2
c0000042,post000010,u00003,2025-03-03T18:33:05,2
c0000043,post000007,u00124,2025-03-03T18:39:47,1
c0000044,post000003,u00267,2025-03-03T18:42:11,0
c0000045,post000004,u00114,2025-03-03T19:37:39,1
c0000046,post000014,u00003,2025-03-03T20:56:10,1
c0000047,post000015,u00089,2025-03-03T21:06:31,0
c0000048,post000016,u00011,2025-03-03T21:44:12,0
c0000049,post000005,u00276,2025-03-03T22:07:14,0
c0000050,post000001,u00040,2025-03-03T22:09:40,1
c0000051,post000020,u00080,2025-03-03T22:23:08,3
c0000052,post000009,u00032,2025-03-03T22:32:00,0
c0000053,post000006,u00350,2025-03-03T22:47:38,1
c0000054,post000008,u00308,2025-03-03T23:05:28,1
c0000055,post000011,u00339,2025-03-03T23:20:11,1
c0000056,post000014,u00249,2025-03-03T23:31:01,1
c0000057,post000017,u00023,2025-03-04T00:19:25,0
c0000058,post000013,u00380,2025-03-04T00:20:24,2
c0000059,post000010,u00187,2025-03-04T00:38:36,2
c0000060,post000004,u00111,2025-03-04T00:49:14,1
c0000061,post000013,u00129,2025-03-04T01:56:49,1
c0000062,post000006,u00032,2025-03-04T01:57:52,3
c0000063,post000002,u00081,2025-03-04T02:28:42,1
c0000064,post000019,u00240,2025-03-04T03:27:43,0
c0000065,post000022,u00265,2025-03-04T05:52:09,1
c0000066,post000010,u00153,2025-03-04T07:12:25,3
c0000067,post000022,u00011,2025-03-04T07:43:04,0
c0000068,post000007,u00157,2025-03-04T07:58:14,2
c0000069,post000014,u00265,2025-03-04T08:39:32,1
c0000070,post000009,u00204,2025-03-04T08:53:15,0
c0000071,post000020,u00121,2025-03-04T08:56:22,2
c0000072,post000001,u00205,2025-03-04T10:28:51,1
c0000073,post000003,u00371,2025-03-04T10:43:11,2
c0000074,post000021,u00329,2025-03-04T10:56:34,2
c0000075,post000011,u00022,2025-03-04T11:13:34,0
c0000076,post000022,u00006,2025-03-04T11:15:54,0
c0000077,post000008,u00092,2025-03-04T11:19:39,1
c0000078,post000016,u00024,2025-03-04T11:42:19,2
c0000079,post000016,u00037,2025-03-04T11:51:36,0
c0000080,post000027,u00006,2025-03-04T12:09:24,1
c0000081,post000007,u00052,2025-03-04T12:15:26,3
c0000082,post000003,u00225,2025-03-04T12:16:25,0
c0000083,post000033,u00380,2025-03-04T13:02:31,1
c0000084,post000021,u00011,2025-03-04T13:06:59,0
c0000085,post000023,u00256,2025-03-04T13:24:44,4
c0000086,post000006,u00379,2025-03-04T13:57:12,3
c0000087,post000032,u00046,2025-03-04T14:00:06,0
c0000088,post000008,u00187,2025-03-04T14:08:44,1
c0000089,post000027,u00192,2025-03-04T14:31:01,0
c0000090,post000038,u00185,2025-03-04T14:57:21,0
c0000091,post000002,u00092,2025-03-04T15:14:09,0
c0000092,post000018,u00098,2025-03-04T15:29:50,0
c0000093,post000010,u00313,2025-03-04T15:31:16,2
c0000094,post000033,u00020,2025-03-04T15:33:41,1
c0000095,post000021,u00144,2025-03-04T15:38:21,0
c0000096,post000034,u00173,2025-03-04T16:07:42,1
c0000097,post000015,u00192,2025-03-04T17:20:40,0
c0000098,post000002,u00328,2025-03-04T17:47:09,0
c0000099,post000043,u00120,2025-03-04T18:03:06,1
c0000100,post000001,u00185,2025-03-04T18:21:33,0
c0000101,post000033,u00196,2025-03-04T18:27:14,2
c0000102,post000006,u00128,2025-03-04T19:19:37,0
c0000103,post000033,u00192,2025-03-04T19:43:06,0
c0000104,post000024,u00352,2025-03-04T20:33:28,0
c0000105,post000040,u00337,2025-03-04T20:35:31,2
c0000106,post000023,u00090,2025-03-04T22:05:05,2
c0000107,post000016,u00396,2025-03-04T23:03:45,1
c0000108,post000045,u00246,2025-03-04T23:12:25,0
c0000109,post000046,u00308,2025-03-05T00:16:23,1
c0000110,post000030,u00265,2025-03-05T01:41:07,1
c0000111,post000041,u00192,2025-03-05T01:44:47,1
c0000112,post000038,u00308,2025-03-05T02:16:06,1
c0000113,post000020,u00244,2025-03-05T02:57:40,1
c0000114,post000043,u00276,2025-03-05T03:19:52,0
c0000115,post000010,u00321,2025-03-05T03:45:22,2
c0000116,post000034,u00037,2025-03-05T04:31:02,4
c0000117,post000031,u00133,2025-03-05T05:13:14,1
c0000118,post000030,u00196,2025-03-05T05:54:19,1
c0000119,post000049,u00209,2025-03-05T06:36:58,3
c0000120,post000003,u00098,2025-03-05T06:50:23,0
c0000121,post000018,u00332,2025-03-05T07:39:14,1
c0000122,post000051,u00369,2025-03-05T08:30:56,2
c0000123,post000003,u00274,2025-03-05T08:35:56,1
c0000124,post000008,u00159,2025-03-05T08:55:08,1
c0000125,post000055,u00211,2025-03-05T09:29:35,0
c0000126,post000004,u00035,2025-03-05T09:31:18,1
c0000127,post000014,u00046,2025-03-05T09:40:03,1
c0000128,post000019,u00069,2025-03-05T09:55:41,1
c0000129,post000018,u00093,2025-03-05T10:09:01,2
c0000130,post000047,u00128,2025-03-05T10:29:53,0
c0000131,post000010,u00023,2025-03-05T11:09:43,2
c0000132,post000041,u00209,2025-03-05T11:14:19,3
c0000133,post000032,u00194,2025-03-05T11:32:28,0
c0000134,post000045,u00383,2025-03-05T11:39:34,0
c0000135,post000055,u00098,2025-03-05T11:44:05,0
c0000136,post000029,u00352,2025-03-05T11:46:09,1
c0000137,post000038,u00369,2025-03-05T12:17:59,1
c0000138,post000045,u00308,2025-03-05T12:22:08,1
c0000139,post000025,u00112,2025-03-05T12:23:08,2
c0000140,post000011,u00326,2025-03-05T12:28:56,0
c0000141,post000013,u00209,2025-03-05T12:29:43,0
c0000142,post000047,u00225,2025-03-05T13:01:16,1
c0000143,post000045,u00129,2025-03-05T13:21:32,0
c0000144,post000007,u00057,2025-03-05T13:26:06,2
c0000145,post000062,u00308,2025-03-05T13:29:14,0
c0000146,post000047,u00196,2025-03-05T14:57:47,0
c0000147,post000058,u00249,2025-03-05T15:20:38,0
c0000148,post000059,u00125,2025-03-05T16:38:06,0
c0000149,post000042,u00006,2025-03-05T17:11:59,0
c0000150,post000025,u00120,2025-03-05T17:21:48,0
c0000151,post000016,u00129,2025-03-05T17:28:07,1
c0000152,post000049,u00299,2025-03-05T18:23:46,1
c0000153,post000053,u00352,2025-03-05T18:26:24,0
c0000154,post000053,u00308,2025-03-05T19:03:47,1
c0000155,post000016,u00032,2025-03-05T19:42:11,1
c0000156,post000055,u00037,2025-03-05T20:35:10,1
c0000157,post000040,u00383,2025-03-05T21:05:39,2
c0000158,post000058,u00006,2025-03-05T21:56:19,1
c0000159,post000068,u00384,2025-03-05T22:13:35,0
c0000160,post000024,u00271,2025-03-06T00:18:53,0
c0000161,post000040,u00055,2025-03-06T00:40:28,0
c0000162,post000044,u00209,2025-03-06T02:47:40,0
c0000163,post000063,u00218,2025-03-06T03:15:53,2
c0000164,post000039,u00032,2025-03-06T03:25:40,2
c0000165,post000036,u00087,2025-03-06T03:43:50,2
c0000166,post000037,u00159,2025-03-06T04:04:36,0
c0000167,post000046,u00337,2025-03-06T05:53:34,0
c0000168,post000050,u00339,2025-03-06T06:25:24,1
c0000169,post000049,u00282,2025-03-06T07:12:34,1
c0000170,post000044,u00174,2025-03-06T07:30:39,3
c0000171,post000033,u00294,2025-03-06T08:02:15,1
c0000172,post000040,u00083,2025-03-06T08:05:05,0
c0000173,post000068,u00160,2025-03-06T08:18:57,2
c0000174,post000083,u00205,2025-03-06T08:31:04,1
c0000175,post000081,u00174,2025-03-06T08:55:03,0
c0000176,post000064,u00174,2025-03-06T09:02:46,1
c0000177,post000049,u00173,2025-03-06T09:21:56,0
c0000178,post000089,u00185,2025-03-06T09:39:44,2
c0000179,post000052,u00259,2025-03-06T09:55:53,0
c0000180,post000052,u00185,2025-03-06T10:13:58,1
c0000181,post000075,u00337,2025-03-06T10:16:19,0
c0000182,post000087,u00024,2025-03-06T10:21:47,1
c0000183,post000045,u00267,2025-03-06T10:47:43,0
c0000184,post000050,u00240,2025-03-06T11:17:57,2
c0000185,post000067,u00249,2025-03-06T11:56:32,1
c0000186,post000094,u00063,2025-03-06T11:58:45,0
c0000187,post000094,u00174,2025-03-06T12:03:46,2
c0000188,post000071,u00339,2025-03-06T12:19:22,0
c0000189,post000063,u00330,2025-03-06T12:29:57,0
c0000190,post000080,u00337,2025-03-06T12:32:57,0
c0000191,post000073,u00362,2025-03-06T12:55:21,1
c0000192,post000055,u00314,2025-03-06T12:55:23,0
c0000193,post000082,u00215,2025-03-06T13:02:08,0
c0000194,post000082,u00015,2025-03-06T13:19:33,0
c0000195,post000068,u00014,2025-03-06T13:32:58,1
c0000196,post000074,u00091,2025-03-06T13:38:50,1
c0000197,post000062,u00106,2025-03-06T14:00:14,1
c0000198,post000087,u00178,2025-03-06T14:09:31,1
c0000199,post000068,u00308,2025-03-06T14:25:48,1
c0000200,post000097,u00046,2025-03-06T15:05:09,1
c0000201,post000098,u00098,2025-03-06T15:22:18,1
c0000202,post000051,u00339,2025-03-06T16:24:52,1
c0000203,post000050,u00109,2025-03-06T17:29:20,0
c0000204,post000062,u00120,2025-03-06T17:41:14,0
c0000205,post000058,u00352,2025-03-06T20:49:47,0
c0000206,post000076,u00174,2025-03-06T21:01:48,0
c0000207,post000090,u00141,2025-03-06T21:16:13,0
c0000208,post000092,u00337,2025-03-06T21:50:46,0
c0000209,post000101,u00354,2025-03-06T22:10:00,1
c0000210,post000109,u00173,2025-03-06T23:54:27,0
c0000211,post000114,u00108,2025-03-07T00:18:09,0
c0000212,post000102,u00380,2025-03-07T01:14:44,1
c0000213,post000089,u00209,2025-03-07T01:57:40,0
c0000214,post000078,u00240,2025-03-07T02:16:00,0
c0000215,post000091,u00185,2025-03-07T03:07:27,1
c0000216,post000063,u00186,2025-03-07T03:16:51,1
c0000217,post000061,u00090,2025-03-07T04:33:32,0
c0000218,post000106,u00349,2025-03-07T05:24:49,1
c0000219,post000099,u00230,2025-03-07T05:59:15,2
c0000220,post000096,u00114,2025-03-07T06:19:26,1
c0000221,post000063,u00185,2025-03-07T06:27:48,1
c0000222,post000113,u00211,2025-03-07T06:51:54,3
c0000223,post000091,u00299,2025-03-07T07:33:02,1
c0000224,post000091,u00040,2025-03-07T08:00:17,0
c0000225,post000100,u00098,2025-03-07T08:31:21,0
c0000226,post000074,u00308,2025-03-07T08:40:29,0
c0000227,post000115,u00185,2025-03-07T08:57:49,0
c0000228,post000121,u00326,2025-03-07T09:08:45,0
c0000229,post000113,u00339,2025-03-07T09:13:42,1
c0000230,post000077,u00023,2025-03-07T09:42:07,2
c0000231,post000083,u00308,2025-03-07T09:45:43,0
c0000232,post000104,u00337,2025-03-07T10:37:14,0
c0000233,post000094,u00380,2025-03-07T10:47:12,1
c0000234,post000077,u00237,2025-03-07T11:03:41,1
c0000235,post000101,u00083,2025-03-07T11:04:02,0
c0000236,post000093,u00174,2025-03-07T11:13:46,0
c0000237,post000112,u00069,2025-03-07T11:32:05,0
c0000238,post000076,u00142,2025-03-07T11:34:11,0
c0000239,post000118,u00306,2025-03-07T11:35:17,0
c0000240,post000103,u00011,2025-03-07T11:39:07,2
c0000241,post000090,u00272,2025-03-07T11:51:35,0
c0000242,post000108,u00139,2025-03-07T12:05:35,1
c0000243,post000095,u00024,2025-03-07T12:53:11,0
c0000244,post000108,u00283,2025-03-07T13:11:57,1
c0000245,post000114,u00066,2025-03-07T13:14:03,0
c0000246,post000108,u00255,2025-03-07T13:32:05,1
c0000247,post000126,u00238,2025-03-07T13:41:58,0
c0000248,post000092,u00158,2025-03-07T13:50:56,0
c0000249,post000079,u00004,2025-03-07T13:54:14,5
c0000250,post000095,u00380,2025-03-07T15:19:24,1
c0000251,post000103,u00096,2025-03-07T15:23:59,1
c0000252,post000117,u00336,2025-03-07T15:32:11,1
c0000253,post000137,u00209,2025-03-07T16:44:49,1
c0000254,post000082,u00146,2025-03-07T16:56:36,1
c0000255,post000092,u00090,2025-03-07T19:36:58,0
c0000256,post000102,u00369,2025-03-07T20:21:15,2
c0000257,post000096,u00380,2025-03-07T20:24:26,0
c0000258,post000105,u00096,2025-03-07T22:44:26,1
c0000259,post000117,u00121,2025-03-07T23:09:28,2
c0000260,post000102,u00129,2025-03-08T00:19:35,1
c0000261,post000125,u00397,2025-03-08T01:41:55,0
c0000262,post000104,u00032,2025-03-08T02:50:58,0
c0000263,post000120,u00322,2025-03-08T03:44:58,0
c0000264,post000107,u00235,2025-03-08T03:50:09,1
c0000265,post000128,u00209,2025-03-08T06:53:08,0
c0000266,post000114,u00114,2025-03-08T06:53:22,2
c0000267,post000119,u00023,2025-03-08T07:28:26,1
c0000268,post000092,u00023,2025-03-08T07:36:42,1
c0000269,post000092,u00013,2025-03-08T07:46:28,1
c0000270,post000109,u00015,2025-03-08T07:56:37,0
c0000271,post000132,u00023,2025-03-08T09:42:34,1
c0000272,post000105,u00383,2025-03-08T09:55:50,1
c0000273,post000115,u00031,2025-03-08T10:13:36,2
c0000274,post000129,u00023,2025-03-08T10:44:13,2
c0000275,post000101,u00138,2025-03-08T11:44:26,0
c0000276,post000129,u00383,2025-03-08T11:48:51,0
c0000277,post000139,u00057,2025-03-08T13:29:47,0
c0000278,post000154,u00274,2025-03-08T13:45:04,1
c0000279,post000142,u00397,2025-03-08T14:15:56,1
c0000280,post000124,u00260,2025-03-08T15:35:28,0
c0000281,post000099,u00397,2025-03-08T15:59:20,1
c0000282,post000133,u00120,2025-03-08T16:15:23,3
c0000283,post000146,u00186,2025-03-08T17:30:12,0
c0000284,post000100,u00114,2025-03-08T20:51:06,3
c0000285,post000103,u00274,2025-03-08T22:31:33,1
c0000286,post000138,u00063,2025-03-08T23:06:46,1
c0000287,post000123,u00096,2025-03-09T00:47:25,1
c0000288,post000136,u00301,2025-03-09T01:31:04,1
c0000289,post000152,u00050,2025-03-09T02:41:43,1
c0000290,post000119,u00105,2025-03-09T04:36:29,0
c0000291,post000141,u00186,2025-03-09T06:47:15,0
c0000292,post000112,u00114,2025-03-09T08:11:42,1
c0000293,post000121,u00205,2025-03-09T08:33:07,2
c0000294,post000160,u00257,2025-03-09T09:32:54,0
c0000295,post000108,u00159,2025-03-09T09:33:22,0
c0000296,post000113,u00096,2025-03-09T09:38:52,0
c0000297,post000124,u00205,2025-03-09T10:45:11,2
c0000298,post000151,u00314,2025-03-09T12:13:12,3
c0000299,post000164,u00006,2025-03-09T12:28:22,1
c0000300,post000126,u00096,2025-03-09T14:41:04,2
c0000301,post000118,u00006,2025-03-09T14:49:44,0
c0000302,post000131,u00224,2025-03-09T15:39:45,1
c0000303,post000150,u00363,2025-03-09T16:11:29,0
c0000304,post000135,u00086,2025-03-09T16:37:33,0
c0000305,post000151,u00006,2025-03-09T17:21:59,0
c0000306,post000160,u00031,2025-03-09T18:48:54,1
c0000307,post000118,u00263,2025-03-09T19:23:54,1
c0000308,post000125,u00120,2025-03-09T19:51:53,2
c0000309,post000169,u00012,2025-03-09T20:25:04,2
c0000310,post000134,u00114,2025-03-09T20:46:50,1
c0000311,post000127,u00157,2025-03-09T20:51:56,1
c0000312,post000144,u00173,2025-03-09T21:19:43,0
c0000313,post000134,u00354,2025-03-09T21:30:23,1
c0000314,post000151,u00306,2025-03-09T21:49:00,0
c0000315,post000151,u00339,2025-03-10T00:16:31,1
c0000316,post000160,u00362,2025-03-10T00:19:10,0
c0000317,post000146,u00192,2025-03-10T01:01:39,0
c0000318,post000118,u00052,2025-03-10T01:21:27,0
c0000319,post000124,u00120,2025-03-10T01:50:22,2
c0000320,post000163,u00032,2025-03-10T03:31:48,0
c0000321,post000136,u00250,2025-03-10T03:51:30,2
c0000322,post000140,u00397,2025-03-10T04:09:07,2
c0000323,post000177,u00096,2025-03-10T04:41:15,0
c0000324,post000166,u00209,2025-03-10T04:49:29,0
c0000325,post000133,u00265,2025-03-10T05:45:03,1
c0000326,post000161,u00245,2025-03-10T06:48:09,1
c0000327,post000138,u00105,2025-03-10T07:58:28,0
c0000328,post000174,u00244,2025-03-10T08:17:19,0
c0000329,post000179,u00129,2025-03-10T08:47:03,2
c0000330,post000178,u00317,2025-03-10T08:47:34,1
c0000331,post000173,u00159,2025-03-10T10:05:45,1
c0000332,post000161,u00196,2025-03-10T10:43:00,0
c0000333,post000183,u00073,2025-03-10T10:43:22,3
c0000334,post000136,u00090,2025-03-10T10:49:36,2
c0000335,post000162,u00174,2025-03-10T11:05:01,3
c0000336,post000187,u00343,2025-03-10T11:06:53,0
c0000337,post000132,u00088,2025-03-10T11:47:22,2
c0000338,post000158,u00079,2025-03-10T11:50:51,1
c0000339,post000135,u00129,2025-03-10T12:01:50,1
c0000340,post000133,u00264,2025-03-10T12:17:22,0
c0000341,post000156,u00236,2025-03-10T12:39:24,0
c0000342,post000160,u00092,2025-03-10T12:43:45,2
c0000343,post000153,u00308,2025-03-10T12:44:34,0
c0000344,post000191,u00311,2025-03-10T12:46:44,1
c0000345,post000163,u00260,2025-03-10T12:56:00,0
c0000346,post000192,u00205,2025-03-10T13:09:49,1
c0000347,post000189,u00174,2025-03-10T13:15:14,2
c0000348,post000170,u00153,2025-03-10T13:17:25,0
c0000349,post000178,u00212,2025-03-10T13:35:56,0
c0000350,post000158,u00348,2025-03-10T13:37:06,1
c0000351,post000137,u00329,2025-03-10T13:38:24,0
c0000352,post000155,u00037,2025-03-10T14:19:53,2
c0000353,post000145,u00196,2025-03-10T16:20:15,0
c0000354,post000154,u00282,2025-03-10T16:59:13,0
c0000355,post000202,u00021,2025-03-10T17:07:32,1
c0000356,post000175,u00360,2025-03-10T18:35:42,0
c0000357,post000183,u00380,2025-03-10T18:49:44,1
c0000358,post000154,u00040,2025-03-10T19:09:20,2
c0000359,post000184,u00120,2025-03-10T20:48:37,3
c0000360,post000148,u00274,2025-03-10T22:14:03,1
c0000361,post000185,u00235,2025-03-11T00:33:58,0
c0000362,post000180,u00260,2025-03-11T03:04:12,0
c0000363,post000160,u00187,2025-03-11T03:32:49,2
c0000364,post000162,u00098,2025-03-11T03:58:11,0
c0000365,post000188,u00185,2025-03-11T04:19:54,0
c0000366,post000183,u00256,2025-03-11T05:40:03,0
c0000367,post000212,u00350,2025-03-11T05:55:00,0
c0000368,post000176,u00190,2025-03-11T06:12:57,1
c0000369,post000163,u00080,2025-03-11T06:19:40,0
c0000370,post000208,u00212,2025-03-11T06:21:24,1
c0000371,post000204,u00187,2025-03-11T06:21:33,0
c0000372,post000184,u00256,2025-03-11T07:44:36,0
c0000373,post000167,u00164,2025-03-11T08:10:54,2
c0000374,post000167,u00108,2025-03-11T09:08:16,2
c0000375,post000160,u00186,2025-03-11T09:08:45,0
c0000376,post000193,u00066,2025-03-11T09:27:15,1
c0000377,post000211,u00066,2025-03-11T09:34:20,0
c0000378,post000199,u00311,2025-03-11T09:44:02,0
c0000379,post000181,u00276,2025-03-11T09:46:13,3
c0000380,post000171,u00361,2025-03-11T10:19:20,1
c0000381,post000183,u00339,2025-03-11T10:39:04,1
c0000382,post000215,u00383,2025-03-11T11:11:57,1
c0000383,post000169,u00281,2025-03-11T11:41:44,0
c0000384,post000213,u00397,2025-03-11T11:49:10,0
c0000385,post000187,u00196,2025-03-11T12:03:14,1
c0000386,post000210,u00094,2025-03-11T12:06:38,0
c0000387,post000216,u00098,2025-03-11T12:18:31,1
c0000388,post000170,u00209,2025-03-11T12:21:33,1
c0000389,post000217,u00308,2025-03-11T12:39:33,3
c0000390,post000189,u00114,2025-03-11T12:43:32,0
c0000391,post000210,u00276,2025-03-11T12:52:37,0
c0000392,post000207,u00094,2025-03-11T12:57:28,0
c0000393,post000198,u00205,2025-03-11T13:06:38,0
c0000394,post000218,u00262,2025-03-11T13:16:55,4
c0000395,post000210,u00098,2025-03-11T13:44:43,1
c0000396,post000176,u00255,2025-03-11T13:56:20,0
c0000397,post000226,u00374,2025-03-11T14:05:29,1
c0000398,post000198,u00156,2025-03-11T14:09:15,0
c0000399,post000231,u00326,2025-03-11T14:19:37,0
c0000400,post000212,u00165,2025-03-11T14:21:01,1
c0000401,post000178,u00133,2025-03-11T15:16:57,1
c0000402,post000194,u00159,2025-03-11T15:19:59,2
c0000403,post000196,u00381,2025-03-11T15:49:07,0
c0000404,post000186,u00096,2025-03-11T16:11:43,2
c0000405,post000213,u00185,2025-03-11T16:38:34,0
c0000406,post000232,u00337,2025-03-11T17:26:34,0
c0000407,post000223,u00209,2025-03-11T17:49:23,2
c0000408,post000226,u00090,2025-03-11T18:19:45,2
c0000409,post000222,u00032,2025-03-11T18:21:21,0
c0000410,post000231,u00099,2025-03-11T19:07:13,1
c0000411,post000230,u00010,2025-03-11T20:22:41,0
c0000412,post000230,u00046,2025-03-11T21:12:28,1
c0000413,post000205,u00186,2025-03-11T21:13:32,2
c0000414,post000242,u00209,2025-03-11T21:22:42,0
c0000415,post000213,u00096,2025-03-11T21:40:50,1
c0000416,post000217,u00186,2025-03-11T21:55:58,1
c0000417,post000199,u00160,2025-03-11T23:02:46,0
c0000418,post000228,u00308,2025-03-11T23:39:10,0
c0000419,post000209,u00096,2025-03-12T00:46:30,0
c0000420,post000233,u00023,2025-03-12T00:54:53,0
c0000421,post000200,u00006,2025-03-12T01:09:46,1
c0000422,post000217,u00299,2025-03-12T01:42:50,2
c0000423,post000212,u00281,2025-03-12T01:44:34,2
c0000424,post000199,u00052,2025-03-12T01:45:39,0
c0000425,post000197,u00241,2025-03-12T02:03:03,0
c0000426,post000229,u00006,2025-03-12T03:52:03,1
c0000427,post000204,u00265,2025-03-12T04:24:55,0
c0000428,post000190,u00060,2025-03-12T04:53:36,1
c0000429,post000215,u00246,2025-03-12T05:29:23,1
c0000430,post000241,u00185,2025-03-12T07:03:34,1
c0000431,post000193,u00055,2025-03-12T07:32:59,0
c0000432,post000204,u00246,2025-03-12T07:47:29,2
c0000433,post000245,u00185,2025-03-12T07:55:06,1
c0000434,post000214,u00127,2025-03-12T08:15:37,0
c0000435,post000191,u00265,2025-03-12T09:01:33,0
c0000436,post000199,u00352,2025-03-12T09:34:08,1
c0000437,post000232,u00204,2025-03-12T09:48:52,2
c0000438,post000235,u00185,2025-03-12T10:18:21,1
c0000439,post000253,u00225,2025-03-12T10:26:57,0
c0000440,post000244,u00383,2025-03-12T10:27:10,0
c0000441,post000251,u00276,2025-03-12T10:51:04,1
c0000442,post000224,u00205,2025-03-12T11:04:20,0
c0000443,post000206,u00024,2025-03-12T11:05:27,0
c0000444,post000241,u00352,2025-03-12T11:47:13,0
c0000445,post000228,u00308,2025-03-12T11:53:03,0
c0000446,post000237,u00098,2025-03-12T12:06:38,1
c0000447,post000199,u00205,2025-03-12T12:32:01,1
c0000448,post000231,u00140,2025-03-12T12:50:54,0
c0000449,post000200,u00023,2025-03-12T13:16:53,0
c0000450,post000257,u00090,2025-03-12T13:39:05,0
c0000451,post000257,u00173,2025-03-12T14:13:12,1
c0000452,post000258,u00374,2025-03-12T15:48:19,1
c0000453,post000210,u00089,2025-03-12T16:02:35,0
c0000454,post000225,u00159,2025-03-12T16:54:19,1
c0000455,post000210,u00326,2025-03-12T18:00:07,0
c0000456,post000255,u00357,2025-03-12T18:05:25,1
c0000457,post000227,u00078,2025-03-12T18:39:13,0
c0000458,post000224,u00362,2025-03-12T19:16:05,0
c0000459,post000261,u00381,2025-03-12T19:29:02,1
c0000460,post000214,u00123,2025-03-12T22:03:52,1
c0000461,post000222,u00032,2025-03-12T23:51:26,0
c0000462,post000219,u00096,2025-03-13T01:32:53,0
c0000463,post000215,u00240,2025-03-13T01:57:49,0
c0000464,post000243,u00006,2025-03-13T03:52:35,0
c0000465,post000226,u00105,2025-03-13T03:59:09,1
c0000466,post000215,u00006,2025-03-13T04:04:28,0
c0000467,post000264,u00260,2025-03-13T04:40:48,0
c0000468,post000264,u00268,2025-03-13T06:03:27,0
c0000469,post000217,u00211,2025-03-13T06:58:29,1
c0000470,post000221,u00326,2025-03-13T07:39:39,1
c0000471,post000262,u00265,2025-03-13T07:56:52,3
c0000472,post000248,u00380,2025-03-13T07:57:11,0
c0000473,post000234,u00205,2025-03-13T08:20:18,1
c0000474,post000225,u00274,2025-03-13T08:36:42,1
c0000475,post000271,u00235,2025-03-13T08:39:30,0
c0000476,post000272,u00160,2025-03-13T08:41:33,1
c0000477,post000266,u00023,2025-03-13T09:13:11,1
c0000478,post000232,u00225,2025-03-13T09:20:06,1
c0000479,post000242,u00369,2025-03-13T09:44:15,1
c0000480,post000274,u00067,2025-03-13T10:02:02,1
c0000481,post000220,u00098,2025-03-13T10:07:19,0
c0000482,post000243,u00187,2025-03-13T10:16:52,1
c0000483,post000234,u00011,2025-03-13T10:20:43,1
c0000484,post000263,u00037,2025-03-13T10:34:13,1
c0000485,post000228,u00339,2025-03-13T10:40:15,1
c0000486,post000265,u00223,2025-03-13T11:01:59,0
c0000487,post000267,u00037,2025-03-13T11:03:58,1
c0000488,post000257,u00256,2025-03-13T11:41:26,1
c0000489,post000280,u00126,2025-03-13T12:09:12,1
c0000490,post000237,u00006,2025-03-13T12:14:30,4
c0000491,post000235,u00146,2025-03-13T12:23:03,1
c0000492,post000280,u00067,2025-03-13T12:32:19,0
c0000493,post000276,u00339,2025-03-13T12:51:18,0
c0000494,post000241,u00011,2025-03-13T12:54:40,1
c0000495,post000245,u00329,2025-03-13T13:54:01,0
c0000496,post000262,u00246,2025-03-13T14:21:42,0
c0000497,post000243,u00114,2025-03-13T14:26:35,0
c0000498,post000253,u00126,2025-03-13T14:41:30,0
c0000499,post000235,u00018,2025-03-13T14:43:08,3
c0000500,post000258,u00003,2025-03-13T14:52:04,0
c0000501,post000263,u00205,2025-03-13T15:08:15,1
c0000502,post000238,u00093,2025-03-13T15:12:14,0
c0000503,post000280,u00265,2025-03-13T15:13:49,0
c0000504,post000238,u00240,2025-03-13T15:14:11,0
c0000505,post000261,u00051,2025-03-13T15:22:39,0
c0000506,post000280,u00364,2025-03-13T15:24:28,2
c0000507,post000235,u00051,2025-03-13T16:20:57,1
c0000508,post000250,u00187,2025-03-13T16:49:08,1
c0000509,post000236,u00159,2025-03-13T17:19:06,1
c0000510,post000249,u00235,2025-03-13T17:31:12,1
c0000511,post000282,u00073,2025-03-13T17:41:27,0
c0000512,post000269,u00159,2025-03-13T20:09:59,1
c0000513,post000291,u00339,2025-03-13T20:23:51,3
c0000514,post000242,u00120,2025-03-13T23:13:11,0
c0000515,post000252,u00174,2025-03-13T23:26:10,1
c0000516,post000271,u00120,2025-03-14T00:27:08,0
c0000517,post000297,u00192,2025-03-14T01:59:52,0
c0000518,post000282,u00031,2025-03-14T02:03:39,1
c0000519,post000285,u00354,2025-03-14T02:25:44,1
c0000520,post000267,u00036,2025-03-14T02:28:54,0
c0000521,post000298,u00120,2025-03-14T02:38:47,0
c0000522,post000250,u00187,2025-03-14T02:50:58,2
c0000523,post000292,u00114,2025-03-14T03:25:57,0
c0000524,post000250,u00205,2025-03-14T04:30:53,2
c0000525,post000245,u00262,2025-03-14T05:01:56,1
c0000526,post000265,u00265,2025-03-14T05:44:15,2
c0000527,post000250,u00329,2025-03-14T06:48:41,0
c0000528,post000300,u00029,2025-03-14T07:32:28,2
c0000529,post000255,u00115,2025-03-14T07:37:39,1
c0000530,post000300,u00352,2025-03-14T07:40:06,0
c0000531,post000267,u00012,2025-03-14T07:44:37,0
c0000532,post000293,u00006,2025-03-14T07:46:22,1
c0000533,post000259,u00138,2025-03-14T08:14:56,1
c0000534,post000286,u00192,2025-03-14T08:22:29,0
c0000535,post000250,u00007,2025-03-14T08:28:08,1
c0000536,post000298,u00331,2025-03-14T08:50:19,0
c0000537,post000265,u00364,2025-03-14T08:53:54,1
c0000538,post000248,u00271,2025-03-14T09:07:14,1
c0000539,post000263,u00344,2025-03-14T09:33:34,0
c0000540,post000279,u00352,2025-03-14T09:46:48,1
c0000541,post000266,u00209,2025-03-14T10:05:46,0
c0000542,post000271,u00344,2025-03-14T10:06:03,1
c0000543,post000277,u00020,2025-03-14T10:21:23,2
c0000544,post000272,u00006,2025-03-14T10:48:47,0
c0000545,post000300,u00185,2025-03-14T11:01:56,2
c0000546,post000299,u00011,2025-03-14T11:22:30,0
c0000547,post000294,u00253,2025-03-14T11:43:07,1
c0000548,post000309,u00185,2025-03-14T11:51:41,0
c0000549,post000265,u00024,2025-03-14T12:01:49,0
c0000550,post000259,u00211,2025-03-14T12:22:05,2
c0000551,post000284,u00120,2025-03-14T12:42:35,1
c0000552,post000262,u00052,2025-03-14T13:32:03,1
c0000553,post000281,u00264,2025-03-14T14:09:15,1
c0000554,post000309,u00039,2025-03-14T14:14:36,0
c0000555,post000264,u00268,2025-03-14T14:16:47,1
c0000556,post000299,u00037,2025-03-14T14:23:38,1
c0000557,post000287,u00291,2025-03-14T14:25:58,0
c0000558,post000269,u00125,2025-03-14T15:37:08,1
c0000559,post000286,u00264,2025-03-14T17:16:31,0
c0000560,post000269,u00174,2025-03-14T18:01:09,1
c0000561,post000309,u00024,2025-03-14T19:07:50,2
c0000562,post000294,u00187,2025-03-14T19:37:10,1
c0000563,post000283,u00186,2025-03-14T20:34:47,3
c0000564,post000275,u00285,2025-03-14T20:45:19,1
c0000565,post000312,u00344,2025-03-14T21:02:30,0
c0000566,post000297,u00196,2025-03-14T21:09:51,0
c0000567,post000258,u00325,2025-03-14T21:26:11,0
c0000568,post000275,u00126,2025-03-14T21:45:15,1
c0000569,post000304,u00032,2025-03-14T22:06:00,1
c0000570,post000291,u00221,2025-03-14T22:53:53,1
c0000571,post000296,u00185,2025-03-15T01:53:54,2
c0000572,post000281,u00235,2025-03-15T02:31:26,0
c0000573,post000301,u00322,2025-03-15T04:08:11,0
c0000574,post000297,u00223,2025-03-15T04:10:09,0
c0000575,post000291,u00185,2025-03-15T05:31:29,0
c0000576,post000271,u00221,2025-03-15T06:04:15,0
c0000577,post000315,u00245,2025-03-15T06:15:49,0
c0000578,post000282,u00205,2025-03-15T06:29:35,0
c0000579,post000301,u00192,2025-03-15T06:55:14,1
c0000580,post000313,u00192,2025-03-15T08:10:32,1
c0000581,post000275,u00114,2025-03-15T09:25:10,0
c0000582,post000275,u00352,2025-03-15T09:37:10,1
c0000583,post000323,u00300,2025-03-15T09:44:27,1
c0000584,post000296,u00340,2025-03-15T09:46:33,1
c0000585,post000273,u00344,2025-03-15T11:16:48,0
c0000586,post000324,u00055,2025-03-15T11:29:27,1
c0000587,post000291,u00114,2025-03-15T12:16:12,1
c0000588,post000312,u00223,2025-03-15T13:12:31,0
c0000589,post000319,u00282,2025-03-15T13:50:30,0
c0000590,post000293,u00209,2025-03-15T14:41:21,1
c0000591,post000307,u00260,2025-03-15T15:08:07,0
c0000592,post000307,u00350,2025-03-15T15:34:02,1
c0000593,post000290,u00185,2025-03-15T15:41:38,0
c0000594,post000307,u00363,2025-03-15T16:58:04,2
c0000595,post000321,u00348,2025-03-15T17:04:50,0
c0000596,post000327,u00098,2025-03-15T19:15:27,2
c0000597,post000288,u00352,2025-03-15T19:40:25,1
c0000598,post000304,u00174,2025-03-15T19:50:31,2
c0000599,post000297,u00205,2025-03-15T20:28:37,0
c0000600,post000327,u00157,2025-03-15T22:06:15,0
c0000601,post000333,u00146,2025-03-15T22:14:00,0
c0000602,post000330,u00120,2025-03-15T22:19:45,3
c0000603,post000286,u00235,2025-03-15T22:27:21,1
c0000604,post000302,u00383,2025-03-16T00:10:24,0
c0000605,post000307,u00187,2025-03-16T00:45:24,2
c0000606,post000319,u00080,2025-03-16T01:15:33,0
c0000607,post000291,u00178,2025-03-16T01:55:36,0
c0000608,post000325,u00344,2025-03-16T02:12:25,0
c0000609,post000311,u00032,2025-03-16T02:22:35,0
c0000610,post000281,u00329,2025-03-16T04:34:33,2
c0000611,post000279,u00339,2025-03-16T07:58:21,0
c0000612,post000297,u00252,2025-03-16T08:09:15,0
c0000613,post000323,u00014,2025-03-16T08:57:47,1
c0000614,post000327,u00372,2025-03-16T09:50:05,1
c0000615,post000318,u00350,2025-03-16T09:53:04,0
c0000616,post000305,u00249,2025-03-16T10:07:35,0
c0000617,post000329,u00174,2025-03-16T11:20:01,1
c0000618,post000306,u00006,2025-03-16T11:38:27,0
c0000619,post000286,u00011,2025-03-16T11:51:12,3
c0000620,post000322,u00187,2025-03-16T12:35:16,0
c0000621,post000332,u00205,2025-03-16T12:37:02,0
c0000622,post000317,u00174,2025-03-16T13:02:05,0
c0000623,post000293,u00006,2025-03-16T13:05:12,1
c0000624,post000293,u00032,2025-03-16T15:02:59,1
c0000625,post000332,u00187,2025-03-16T15:57:46,0
c0000626,post000304,u00360,2025-03-16T16:14:11,2
c0000627,post000333,u00352,2025-03-16T17:31:41,1
c0000628,post000322,u00383,2025-03-16T19:22:35,2
c0000629,post000318,u00189,2025-03-16T21:55:48,1
c0000630,post000304,u00290,2025-03-16T22:32:02,1
c0000631,post000338,u00080,2025-03-17T00:54:02,4
c0000632,post000327,u00032,2025-03-17T01:19:20,2
c0000633,post000331,u00304,2025-03-17T03:54:36,0
c0000634,post000296,u00185,2025-03-17T04:20:25,0
c0000635,post000304,u00159,2025-03-17T04:24:58,0
c0000636,post000343,u00159,2025-03-17T04:28:20,0
c0000637,post000335,u00290,2025-03-17T04:48:15,3
c0000638,post000335,u00185,2025-03-17T05:56:30,1
c0000639,post000325,u00006,2025-03-17T06:12:58,1
c0000640,post000336,u00204,2025-03-17T06:14:07,0
c0000641,post000305,u00268,2025-03-17T07:01:04,0
c0000642,post000320,u00024,2025-03-17T07:10:44,1
c0000643,post000306,u00050,2025-03-17T07:31:16,0
c0000644,post000297,u00037,2025-03-17T07:45:42,2
c0000645,post000329,u00268,2025-03-17T07:50:03,0
c0000646,post000335,u00301,2025-03-17T08:10:53,0
c0000647,post000327,u00006,2025-03-17T09:02:12,2
c0000648,post000335,u00159,2025-03-17T09:09:12,0
c0000649,post000332,u00096,2025-03-17T09:29:50,1
c0000650,post000358,u00170,2025-03-17T09:36:56,0
c0000651,post000329,u00215,2025-03-17T09:43:07,0
c0000652,post000341,u00159,2025-03-17T09:44:39,1
c0000653,post000346,u00186,2025-03-17T13:26:05,0
c0000654,post000316,u00011,2025-03-17T13:28:31,2
c0000655,post000342,u00395,2025-03-17T14:21:44,2
c0000656,post000320,u00082,2025-03-17T14:54:03,0
c0000657,post000343,u00331,2025-03-17T16:20:43,0
c0000658,post000352,u00034,2025-03-17T16:51:15,0
c0000659,post000362,u00236,2025-03-17T17:00:13,0
c0000660,post000315,u00371,2025-03-17T17:08:16,0
c0000661,post000364,u00352,2025-03-17T17:24:20,2
c0000662,post000325,u00382,2025-03-17T18:16:04,0
c0000663,post000341,u00024,2025-03-17T19:22:35,1
c0000664,post000316,u00031,2025-03-17T20:48:51,0
c0000665,post000362,u00185,2025-03-17T22:52:45,0
c0000666,post000342,u00396,2025-03-18T00:52:14,2
c0000667,post000349,u00268,2025-03-18T01:05:04,1
c0000668,post000366,u00124,2025-03-18T03:03:09,3
c0000669,post000321,u00380,2025-03-18T04:45:04,1
c0000670,post000345,u00174,2025-03-18T06:35:01,1
c0000671,post000319,u00024,2025-03-18T07:46:00,0
c0000672,post000370,u00039,2025-03-18T08:01:57,1
c0000673,post000373,u00090,2025-03-18T08:15:20,0
c0000674,post000364,u00185,2025-03-18T08:18:48,0
c0000675,post000345,u00337,2025-03-18T09:34:42,1
c0000676,post000357,u00221,2025-03-18T09:35:18,2
c0000677,post000345,u00128,2025-03-18T10:09:46,0
c0000678,post000362,u00187,2025-03-18T10:10:11,2
c0000679,post000357,u00186,2025-03-18T10:12:05,1
c0000680,post000373,u00006,2025-03-18T10:35:21,2
c0000681,post000371,u00221,2025-03-18T10:41:02,0
c0000682,post000368,u00362,2025-03-18T10:42:08,0
c0000683,post000365,u00174,2025-03-18T11:39:27,6
c0000684,post000376,u00282,2025-03-18T11:42:28,2
c0000685,post000343,u00399,2025-03-18T12:18:38,1
c0000686,post000334,u00256,2025-03-18T12:28:17,0
c0000687,post000365,u00112,2025-03-18T12:34:31,0
c0000688,post000366,u00023,2025-03-18T12:49:23,0
c0000689,post000338,u00006,2025-03-18T13:16:04,0
c0000690,post000363,u00231,2025-03-18T13:38:46,0
c0000691,post000373,u00329,2025-03-18T13:40:42,1
c0000692,post000341,u00109,2025-03-18T13:51:35,0
c0000693,post000380,u00326,2025-03-18T13:58:53,1
c0000694,post000348,u00274,2025-03-18T14:00:56,0
c0000695,post000369,u00362,2025-03-18T14:04:32,4
c0000696,post000378,u00090,2025-03-18T15:37:29,1
c0000697,post000370,u00188,2025-03-18T15:53:42,2
c0000698,post000396,u00120,2025-03-18T15:59:41,1
c0000699,post000384,u00046,2025-03-18T16:09:49,1
c0000700,post000391,u00263,2025-03-18T16:15:55,1
c0000701,post000345,u00192,2025-03-18T18:06:24,0
c0000702,post000363,u00098,2025-03-18T19:13:46,1
c0000703,post000371,u00156,2025-03-18T19:51:51,1
c0000704,post000381,u00234,2025-03-18T20:07:03,0
c0000705,post000405,u00103,2025-03-18T20:25:55,0
c0000706,post000388,u00174,2025-03-18T20:55:46,1
c0000707,post000352,u00355,2025-03-18T21:25:12,0
c0000708,post000359,u00098,2025-03-18T22:20:42,1
c0000709,post000399,u00024,2025-03-18T22:37:37,1
c0000710,post000354,u00087,2025-03-18T22:48:31,0
c0000711,post000377,u00383,2025-03-18T23:32:04,0
c0000712,post000355,u00374,2025-03-19T00:10:06,1
c0000713,post000367,u00098,2025-03-19T01:27:18,0
c0000714,post000362,u00108,2025-03-19T01:37:42,1
c0000715,post000375,u00376,2025-03-19T02:00:35,2
c0000716,post000381,u00006,2025-03-19T02:20:54,1
c0000717,post000355,u00098,2025-03-19T02:33:51,0
c0000718,post000373,u00185,2025-03-19T03:09:27,1
c0000719,post000362,u00362,2025-03-19T04:34:40,1
c0000720,post000374,u00053,2025-03-19T05:13:45,0
c0000721,post000363,u00339,2025-03-19T05:30:49,0
c0000722,post000415,u00033,2025-03-19T06:03:46,3
c0000723,post000365,u00065,2025-03-19T06:39:49,0
c0000724,post000386,u00037,2025-03-19T06:41:05,2
c0000725,post000396,u00023,2025-03-19T07:09:22,0
c0000726,post000364,u00145,2025-03-19T08:17:38,2
c0000727,post000401,u00380,2025-03-19T08:28:53,2
c0000728,post000376,u00253,2025-03-19T08:31:26,1
c0000729,post000371,u00098,2025-03-19T08:31:40,1
c0000730,post000361,u00098,2025-03-19T08:57:23,2
c0000731,post000414,u00046,2025-03-19T09:48:20,0
c0000732,post000403,u00037,2025-03-19T09:48:24,0
c0000733,post000418,u00359,2025-03-19T10:10:09,1
c0000734,post000391,u00358,2025-03-19T10:13:30,1
c0000735,post000409,u00339,2025-03-19T10:27:46,3
c0000736,post000405,u00090,2025-03-19T10:32:45,2
c0000737,post000421,u00083,2025-03-19T10:35:36,2
c0000738,post000417,u00339,2025-03-19T11:05:48,1
c0000739,post000375,u00254,2025-03-19T11:12:15,0
c0000740,post000419,u00203,2025-03-19T11:24:05,2
c0000741,post000425,u00146,2025-03-19T11:29:18,0
c0000742,post000422,u00089,2025-03-19T11:35:07,0
c0000743,post000376,u00265,2025-03-19T11:39:21,1
c0000744,post000405,u00052,2025-03-19T11:59:57,2
c0000745,post000384,u00187,2025-03-19T12:39:27,2
c0000746,post000423,u00288,2025-03-19T13:02:35,0
c0000747,post000374,u00048,2025-03-19T13:08:58,0
c0000748,post000428,u00114,2025-03-19T13:50:03,0
c0000749,post000386,u00392,2025-03-19T14:27:07,2
c0000750,post000429,u00339,2025-03-19T14:30:56,1
c0000751,post000401,u00098,2025-03-19T15:22:25,1
c0000752,post000412,u00107,2025-03-19T15:41:50,2
c0000753,post000414,u00078,2025-03-19T15:42:11,0
c0000754,post000425,u00132,2025-03-19T16:29:58,0
c0000755,post000397,u00196,2025-03-19T18:08:47,1
c0000756,post000425,u00074,2025-03-19T18:39:07,1
c0000757,post000379,u00185,2025-03-19T19:00:18,0
c0000758,post000381,u00282,2025-03-19T19:18:56,1
c0000759,post000384,u00256,2025-03-19T20:01:44,0
c0000760,post000392,u00380,2025-03-19T22:01:10,1
c0000761,post000394,u00378,2025-03-19T22:18:04,2
c0000762,post000418,u00253,2025-03-19T22:54:01,0
c0000763,post000418,u00097,2025-03-19T23:04:01,1
c0000764,post000392,u00123,2025-03-20T00:52:24,0
c0000765,post000394,u00235,2025-03-20T01:13:39,0
c0000766,post000426,u00036,2025-03-20T01:49:13,0
c0000767,post000388,u00036,2025-03-20T02:24:35,1
c0000768,post000415,u00024,2025-03-20T04:25:17,0
c0000769,post000433,u00046,2025-03-20T06:30:13,0
c0000770,post000393,u00196,2025-03-20T07:08:19,1
c0000771,post000381,u00256,2025-03-20T07:42:14,0
c0000772,post000421,u00246,2025-03-20T07:43:59,2
c0000773,post000394,u00333,2025-03-20T08:34:05,0
c0000774,post000438,u00105,2025-03-20T09:02:45,2
c0000775,post000436,u00120,2025-03-20T09:22:35,2
c0000776,post000392,u00324,2025-03-20T09:25:19,1
c0000777,post000439,u00032,2025-03-20T09:28:26,1
c0000778,post000432,u00277,2025-03-20T09:37:32,0
c0000779,post000400,u00083,2025-03-20T09:45:13,0
c0000780,post000435,u00006,2025-03-20T09:57:09,0
c0000781,post000391,u00196,2025-03-20T10:42:29,2
c0000782,post000407,u00260,2025-03-20T10:50:35,1
c0000783,post000428,u00212,2025-03-20T11:01:09,2
c0000784,post000427,u00117,2025-03-20T11:15:20,0
c0000785,post000396,u00240,2025-03-20T11:19:44,0
c0000786,post000395,u00281,2025-03-20T11:23:03,0
c0000787,post000436,u00052,2025-03-20T11:31:37,1
c0000788,post000413,u00343,2025-03-20T12:00:31,1
c0000789,post000448,u00052,2025-03-20T12:21:52,0
c0000790,post000433,u00185,2025-03-20T12:35:13,0
c0000791,post000404,u00212,2025-03-20T12:48:33,2
c0000792,post000443,u00337,2025-03-20T13:27:03,1
c0000793,post000414,u00020,2025-03-20T13:39:00,0
c0000794,post000403,u00311,2025-03-20T13:44:35,1
c0000795,post000396,u00352,2025-03-20T13:51:43,2
c0000796,post000449,u00032,2025-03-20T13:56:25,1
c0000797,post000447,u00174,2025-03-20T14:18:27,1
c0000798,post000404,u00280,2025-03-20T14:53:36,0
c0000799,post000451,u00096,2025-03-20T15:09:47,0
c0000800,post000448,u00392,2025-03-20T15:24:47,3
c0000801,post000401,u00187,2025-03-20T15:29:31,0
c0000802,post000443,u00146,2025-03-20T16:27:45,1
c0000803,post000410,u00073,2025-03-20T16:51:03,0
c0000804,post000405,u00381,2025-03-20T17:34:22,1
c0000805,post000435,u00340,2025-03-20T17:41:32,0
c0000806,post000412,u00241,2025-03-20T17:56:55,0
c0000807,post000449,u00352,2025-03-20T17:58:42,2
c0000808,post000454,u00326,2025-03-20T19:13:12,0
c0000809,post000423,u00209,2025-03-20T19:37:30,0
c0000810,post000417,u00263,2025-03-20T20:20:41,0
c0000811,post000428,u00023,2025-03-20T23:50:12,0
c0000812,post000460,u00140,2025-03-21T01:53:59,1
c0000813,post000441,u00265,2025-03-21T04:01:35,1
c0000814,post000444,u00288,2025-03-21T04:06:30,1
c0000815,post000442,u00120,2025-03-21T04:11:18,0
c0000816,post000441,u00146,2025-03-21T04:47:14,0
c0000817,post000445,u00280,2025-03-21T04:54:05,2
c0000818,post000421,u00046,2025-03-21T04:58:14,0
c0000819,post000461,u00189,2025-03-21T06:26:19,1
c0000820,post000448,u00339,2025-03-21T06:28:26,1
c0000821,post000465,u00352,2025-03-21T07:12:44,1
c0000822,post000450,u00094,2025-03-21T08:09:09,0
c0000823,post000417,u00159,2025-03-21T08:52:29,0
c0000824,post000449,u00383,2025-03-21T09:06:14,0
c0000825,post000422,u00260,2025-03-21T09:11:55,1
c0000826,post000411,u00281,2025-03-21T09:13:57,0
c0000827,post000453,u00096,2025-03-21T09:17:15,3
c0000828,post000443,u00294,2025-03-21T10:18:36,0
c0000829,post000467,u00307,2025-03-21T10:18:49,1
c0000830,post000455,u00073,2025-03-21T10:22:05,0
c0000831,post000418,u00120,2025-03-21T10:54:52,2
c0000832,post000470,u00094,2025-03-21T11:56:38,0
c0000833,post000466,u00339,2025-03-21T12:06:52,1
c0000834,post000452,u00067,2025-03-21T12:10:57,1
c0000835,post000461,u00205,2025-03-21T12:21:00,1
c0000836,post000443,u00174,2025-03-21T12:21:33,1
c0000837,post000446,u00333,2025-03-21T12:32:58,1
c0000838,post000431,u00114,2025-03-21T13:18:30,0
c0000839,post000465,u00293,2025-03-21T13:25:48,1
c0000840,post000446,u00376,2025-03-21T13:31:09,0
c0000841,post000440,u00333,2025-03-21T14:37:38,1
c0000842,post000432,u00268,2025-03-21T14:51:56,1
c0000843,post000461,u00047,2025-03-21T14:52:13,1
c0000844,post000479,u00098,2025-03-21T14:54:17,0
c0000845,post000429,u00252,2025-03-21T15:22:55,2
c0000846,post000475,u00326,2025-03-21T15:26:50,1
c0000847,post000457,u00326,2025-03-21T15:28:48,0
c0000848,post000424,u00348,2025-03-21T16:24:29,1
c0000849,post000479,u00339,2025-03-21T17:12:20,1
c0000850,post000438,u00382,2025-03-21T17:29:35,0
c0000851,post000459,u00090,2025-03-21T19:17:40,2
c0000852,post000446,u00344,2025-03-21T19:58:41,2
c0000853,post000458,u00159,2025-03-21T21:27:46,0
c0000854,post000445,u00046,2025-03-21T23:15:07,0
c0000855,post000450,u00192,2025-03-21T23:15:24,0
c0000856,post000430,u00005,2025-03-21T23:48:06,1
c0000857,post000478,u00037,2025-03-22T00:25:36,0
c0000858,post000462,u00036,2025-03-22T01:38:21,1
c0000859,post000428,u00348,2025-03-22T02:17:09,1
c0000860,post000454,u00215,2025-03-22T03:01:50,2
c0000861,post000472,u00096,2025-03-22T04:02:53,1
c0000862,post000439,u00160,2025-03-22T06:28:12,0
c0000863,post000459,u00384,2025-03-22T07:58:40,6
c0000864,post000453,u00126,2025-03-22T08:22:02,1
c0000865,post000469,u00242,2025-03-22T09:26:16,2
c0000866,post000465,u00238,2025-03-22T10:03:08,0
c0000867,post000486,u00037,2025-03-22T10:31:28,1
c0000868,post000438,u00395,2025-03-22T10:57:02,2
c0000869,post000445,u00015,2025-03-22T11:36:03,0
c0000870,post000478,u00071,2025-03-22T12:20:51,1
c0000871,post000473,u00205,2025-03-22T12:41:10,3
c0000872,post000464,u00129,2025-03-22T13:13:32,0
c0000873,post000448,u00392,2025-03-22T13:27:01,1
c0000874,post000496,u00098,2025-03-22T14:39:16,4
c0000875,post000487,u00322,2025-03-22T16:30:08,1
c0000876,post000498,u00071,2025-03-22T16:32:24,1
c0000877,post000482,u00243,2025-03-22T17:56:42,0
c0000878,post000498,u00032,2025-03-22T21:23:42,0
c0000879,post000461,u00108,2025-03-22T21:46:25,1
c0000880,post000494,u00037,2025-03-22T23:22:36,1
c0000881,post000478,u00032,2025-03-22T23:52:55,1
c0000882,post000456,u00061,2025-03-23T02:28:10,1
c0000883,post000500,u00009,2025-03-23T03:20:14,0
c0000884,post000474,u00241,2025-03-23T04:12:10,2
c0000885,post000468,u00245,2025-03-23T04:46:03,0
c0000886,post000460,u00384,2025-03-23T07:54:37,0
c0000887,post000503,u00037,2025-03-23T08:11:18,0
c0000888,post000450,u00186,2025-03-23T08:20:14,1
c0000889,post000497,u00350,2025-03-23T08:29:36,1
c0000890,post000480,u00380,2025-03-23T08:43:12,1
c0000891,post000471,u00067,2025-03-23T09:13:46,3
c0000892,post000461,u00174,2025-03-23T09:35:14,1
c0000893,post000460,u00114,2025-03-23T09:35:20,2
c0000894,post000475,u00380,2025-03-23T10:01:56,1
c0000895,post000466,u00174,2025-03-23T10:24:28,0
c0000896,post000503,u00174,2025-03-23T10:43:20,1
c0000897,post000495,u00342,2025-03-23T10:53:26,1
c0000898,post000460,u00349,2025-03-23T11:14:10,0
c0000899,post000492,u00053,2025-03-23T11:22:14,1
c0000900,post000490,u00325,2025-03-23T11:37:03,1
c0000901,post000493,u00350,2025-03-23T11:47:03,1
c0000902,post000460,u00223,2025-03-23T11:57:06,3
c0000903,post000499,u00380,2025-03-23T13:10:53,2
c0000904,post000496,u00259,2025-03-23T13:36:37,2
c0000905,post000462,u00191,2025-03-23T13:44:34,1
c0000906,post000460,u00014,2025-03-23T14:23:15,1
c0000907,post000466,u00380,2025-03-23T14:53:23,0
c0000908,post000498,u00282,2025-03-23T15:08:33,1
c0000909,post000481,u00349,2025-03-23T15:15:19,0
c0000910,post000506,u00170,2025-03-23T15:32:14,1
c0000911,post000478,u00053,2025-03-23T15:56:28,1
c0000912,post000455,u00067,2025-03-23T16:08:41,0
c0000913,post000458,u00380,2025-03-23T17:31:01,2
c0000914,post000462,u00350,2025-03-23T18:14:38,0
c0000915,post000484,u00153,2025-03-23T19:04:40,1
c0000916,post000510,u00209,2025-03-23T20:14:28,2
c0000917,post000505,u00318,2025-03-23T20:37:10,0
c0000918,post000461,u00249,2025-03-23T21:16:33,0
c0000919,post000495,u00032,2025-03-23T21:54:59,2
c0000920,post000455,u00089,2025-03-24T00:15:38,1
c0000921,post000476,u00187,2025-03-24T01:13:49,1
c0000922,post000470,u00023,2025-03-24T03:36:22,0
c0000923,post000497,u00033,2025-03-24T04:04:46,0
c0000924,post000483,u00260,2025-03-24T04:24:10,0
c0000925,post000468,u00098,2025-03-24T04:39:23,2
c0000926,post000468,u00067,2025-03-24T05:05:47,0
c0000927,post000498,u00196,2025-03-24T05:11:58,1
c0000928,post000509,u00304,2025-03-24T05:13:29,3
c0000929,post000475,u00159,2025-03-24T05:17:12,0
c0000930,post000497,u00196,2025-03-24T06:07:34,1
c0000931,post000510,u00331,2025-03-24T07:55:37,0
c0000932,post000489,u00067,2025-03-24T08:22:04,2
c0000933,post000488,u00156,2025-03-24T08:24:28,0
c0000934,post000518,u00046,2025-03-24T08:51:19,0
c0000935,post000504,u00040,2025-03-24T09:16:40,1
c0000936,post000488,u00349,2025-03-24T09:19:23,0
c0000937,post000514,u00086,2025-03-24T09:20:11,3
c0000938,post000513,u00205,2025-03-24T09:25:13,1
c0000939,post000514,u00120,2025-03-24T09:34:18,0
c0000940,post000484,u00146,2025-03-24T09:42:51,1
c0000941,post000524,u00067,2025-03-24T10:15:11,1
c0000942,post000483,u00230,2025-03-24T10:21:01,0
c0000943,post000503,u00205,2025-03-24T10:57:22,0
c0000944,post000517,u00311,2025-03-24T11:00:59,2
c0000945,post000485,u00307,2025-03-24T11:15:13,2
c0000946,post000507,u00311,2025-03-24T11:28:14,0
c0000947,post000522,u00359,2025-03-24T11:38:27,2
c0000948,post000487,u00339,2025-03-24T11:48:08,2
c0000949,post000496,u00105,2025-03-24T12:06:46,0
c0000950,post000485,u00186,2025-03-24T12:46:23,0
c0000951,post000509,u00314,2025-03-24T13:12:41,0
c0000952,post000516,u00268,2025-03-24T13:18:56,0
c0000953,post000513,u00205,2025-03-24T13:22:01,1
c0000954,post000480,u00120,2025-03-24T13:28:53,1
c0000955,post000476,u00094,2025-03-24T14:31:57,1
c0000956,post000501,u00083,2025-03-24T14:48:01,1
c0000957,post000474,u00066,2025-03-24T14:52:00,0
c0000958,post000499,u00067,2025-03-24T14:59:51,0
c0000959,post000500,u00376,2025-03-24T15:37:30,1
c0000960,post000478,u00230,2025-03-24T16:16:29,1
c0000961,post000479,u00308,2025-03-24T16:16:58,2
c0000962,post000522,u00209,2025-03-24T16:22:14,0
c0000963,post000523,u00112,2025-03-24T16:46:47,1
c0000964,post000520,u00281,2025-03-24T16:49:37,0
c0000965,post000484,u00209,2025-03-24T16:50:40,1
c0000966,post000494,u00120,2025-03-24T19:50:05,2
c0000967,post000499,u00210,2025-03-24T20:49:30,1
c0000968,post000533,u00163,2025-03-24T21:06:49,3
c0000969,post000492,u00308,2025-03-24T21:48:36,0
c0000970,post000486,u00174,2025-03-24T21:50:33,1
c0000971,post000505,u00093,2025-03-24T23:18:48,0
c0000972,post000502,u00383,2025-03-24T23:21:56,2
c0000973,post000492,u00297,2025-03-24T23:22:20,1
c0000974,post000527,u00380,2025-03-25T01:12:34,1
c0000975,post000532,u00023,2025-03-25T01:49:16,0
c0000976,post000507,u00133,2025-03-25T02:42:19,1
c0000977,post000535,u00006,2025-03-25T02:48:57,1
c0000978,post000491,u00185,2025-03-25T02:59:44,1
c0000979,post000495,u00317,2025-03-25T04:42:33,2
c0000980,post000521,u00308,2025-03-25T07:42:18,1
c0000981,post000516,u00128,2025-03-25T08:56:57,1
c0000982,post000547,u00037,2025-03-25T08:58:05,0
c0000983,post000512,u00282,2025-03-25T08:59:01,1
c0000984,post000490,u00196,2025-03-25T09:06:12,1
c0000985,post000522,u00339,2025-03-25T09:41:40,1
c0000986,post000514,u00026,2025-03-25T09:51:47,1
c0000987,post000538,u00139,2025-03-25T10:16:48,1
c0000988,post000518,u00040,2025-03-25T10:21:41,0
c0000989,post000514,u00260,2025-03-25T10:27:20,0
c0000990,post000499,u00329,2025-03-25T10:39:18,0
c0000991,post000544,u00246,2025-03-25T10:56:27,0
c0000992,post000499,u00006,2025-03-25T11:05:30,0
c0000993,post000535,u00234,2025-03-25T11:10:02,0
c0000994,post000521,u00265,2025-03-25T11:14:21,1
c0000995,post000503,u00185,2025-03-25T11:42:58,2
c0000996,post000516,u00291,2025-03-25T11:45:44,2
c0000997,post000509,u00357,2025-03-25T11:54:13,0
c0000998,post000547,u00052,2025-03-25T12:21:50,1
c0000999,post000537,u00307,2025-03-25T12:31:19,1
c0001000,post000505,u00086,2025-03-25T12:54:30,1
c0001001,post000554,u00268,2025-03-25T13:05:29,1
c0001002,post000556,u00006,2025-03-25T13:16:59,1
c0001003,post000530,u00063,2025-03-25T13:36:21,2
c0001004,post000556,u00037,2025-03-25T13:42:28,0
c0001005,post000552,u00342,2025-03-25T13:43:11,1
c0001006,post000547,u00171,2025-03-25T13:56:21,1
c0001007,post000547,u00004,2025-03-25T14:11:28,4
c0001008,post000542,u00064,2025-03-25T14:27:03,3
c0001009,post000513,u00120,2025-03-25T15:06:23,2
c0001010,post000526,u00159,2025-03-25T15:24:47,0
c0001011,post000502,u00117,2025-03-25T15:25:23,1
c0001012,post000525,u00087,2025-03-25T15:26:57,2
c0001013,post000522,u00259,2025-03-25T15:34:29,1
c0001014,post000540,u00159,2025-03-25T15:42:48,1
c0001015,post000524,u00344,2025-03-25T16:11:22,2
c0001016,post000524,u00380,2025-03-25T16:29:03,0
c0001017,post000526,u00196,2025-03-25T17:28:35,0
c0001018,post000549,u00374,2025-03-25T18:00:46,1
c0001019,post000539,u00339,2025-03-25T18:57:42,0
c0001020,post000506,u00246,2025-03-25T19:30:02,0
c0001021,post000507,u00114,2025-03-25T19:34:03,0
c0001022,post000511,u00125,2025-03-25T19:51:34,0
c0001023,post000510,u00354,2025-03-25T20:16:06,1
c0001024,post000540,u00006,2025-03-25T21:58:39,2
c0001025,post000526,u00265,2025-03-25T23:05:50,0
c0001026,post000516,u00354,2025-03-25T23:30:06,0
c0001027,post000541,u00196,2025-03-25T23:44:23,1
c0001028,post000549,u00192,2025-03-26T00:15:25,0
c0001029,post000516,u00285,2025-03-26T01:25:24,0
c0001030,post000525,u00192,2025-03-26T03:47:41,1
c0001031,post000530,u00174,2025-03-26T03:51:06,0
c0001032,post000533,u00101,2025-03-26T03:59:57,0
c0001033,post000529,u00159,2025-03-26T04:11:30,1
c0001034,post000521,u00141,2025-03-26T05:41:40,0
c0001035,post000515,u00120,2025-03-26T05:49:00,2
c0001036,post000528,u00023,2025-03-26T06:49:13,0
c0001037,post000572,u00160,2025-03-26T07:52:24,0
c0001038,post000555,u00286,2025-03-26T08:43:23,0
c0001039,post000567,u00006,2025-03-26T08:44:10,0
c0001040,post000576,u00048,2025-03-26T08:48:42,1
c0001041,post000568,u00276,2025-03-26T08:49:20,1
c0001042,post000558,u00350,2025-03-26T09:16:36,2
c0001043,post000543,u00133,2025-03-26T09:21:11,0
c0001044,post000547,u00006,2025-03-26T09:42:52,0
c0001045,post000521,u00339,2025-03-26T10:28:46,0
c0001046,post000543,u00339,2025-03-26T10:29:44,0
c0001047,post000530,u00259,2025-03-26T11:19:32,1
c0001048,post000534,u00339,2025-03-26T11:22:54,1
c0001049,post000531,u00256,2025-03-26T11:32:49,0
c0001050,post000529,u00006,2025-03-26T12:02:06,0
c0001051,post000548,u00125,2025-03-26T12:05:05,0
c0001052,post000573,u00339,2025-03-26T12:18:28,0
c0001053,post000535,u00050,2025-03-26T12:25:24,0
c0001054,post000570,u00362,2025-03-26T12:38:37,0
c0001055,post000546,u00023,2025-03-26T12:57:42,2
c0001056,post000546,u00190,2025-03-26T13:06:03,2
c0001057,post000527,u00339,2025-03-26T13:10:36,1
c0001058,post000542,u00174,2025-03-26T13:21:52,0
c0001059,post000559,u00259,2025-03-26T14:13:18,0
c0001060,post000528,u00221,2025-03-26T14:31:10,1
c0001061,post000529,u00352,2025-03-26T16:01:49,0
c0001062,post000551,u00265,2025-03-26T18:42:59,2
c0001063,post000557,u00114,2025-03-26T18:53:24,0
c0001064,post000583,u00032,2025-03-26T19:06:47,1
c0001065,post000590,u00204,2025-03-26T19:21:32,3
c0001066,post000588,u00356,2025-03-26T19:54:52,1
c0001067,post000547,u00348,2025-03-26T19:55:50,0
c0001068,post000583,u00254,2025-03-26T20:33:12,0
c0001069,post000570,u00185,2025-03-26T20:44:44,2
c0001070,post000549,u00006,2025-03-26T20:59:04,1
c0001071,post000554,u00210,2025-03-26T21:58:21,1
c0001072,post000554,u00120,2025-03-26T23:09:11,2
c0001073,post000544,u00120,2025-03-27T00:57:38,1
c0001074,post000593,u00127,2025-03-27T02:17:01,0
c0001075,post000540,u00046,2025-03-27T03:37:05,1
c0001076,post000580,u00218,2025-03-27T04:18:58,0
c0001077,post000542,u00376,2025-03-27T04:42:54,1
c0001078,post000565,u00213,2025-03-27T06:00:16,3
c0001079,post000551,u00090,2025-03-27T06:16:18,1
c0001080,post000591,u00122,2025-03-27T06:16:44,0
c0001081,post000555,u00375,2025-03-27T07:06:27,2
c0001082,post000564,u00212,2025-03-27T07:45:35,0
c0001083,post000563,u00399,2025-03-27T07:46:57,0
c0001084,post000584,u00186,2025-03-27T07:58:41,1
c0001085,post000557,u00196,2025-03-27T08:47:55,2
c0001086,post000580,u00313,2025-03-27T09:06:54,0
c0001087,post000579,u00163,2025-03-27T09:20:51,0
c0001088,post000547,u00174,2025-03-27T09:31:06,0
c0001089,post000594,u00306,2025-03-27T09:55:10,0
c0001090,post000561,u00030,2025-03-27T10:09:18,0
c0001091,post000573,u00203,2025-03-27T10:22:59,0
c0001092,post000569,u00282,2025-03-27T10:32:50,0
c0001093,post000591,u00046,2025-03-27T10:43:19,2
c0001094,post000589,u00225,2025-03-27T11:05:21,3
c0001095,post000581,u00369,2025-03-27T11:06:04,1
c0001096,post000570,u00023,2025-03-27T11:06:41,1
c0001097,post000559,u00035,2025-03-27T11:28:26,0
c0001098,post000570,u00163,2025-03-27T11:32:03,0
c0001099,post000547,u00192,2025-03-27T11:32:40,1
c0001100,post000542,u00249,2025-03-27T12:22:15,1
c0001101,post000542,u00381,2025-03-27T12:28:00,1
c0001102,post000570,u00096,2025-03-27T12:44:20,0
c0001103,post000587,u00249,2025-03-27T12:47:57,0
c0001104,post000594,u00306,2025-03-27T13:13:24,1
c0001105,post000547,u00349,2025-03-27T13:16:23,0
c0001106,post000543,u00282,2025-03-27T13:40:14,0
c0001107,post000578,u00098,2025-03-27T13:47:57,1
c0001108,post000560,u00240,2025-03-27T13:48:32,1
c0001109,post000597,u00260,2025-03-27T13:53:36,0
c0001110,post000584,u00276,2025-03-27T14:20:56,2
c0001111,post000559,u00335,2025-03-27T15:41:30,2
c0001112,post000583,u00185,2025-03-27T15:48:56,0
c0001113,post000549,u00044,2025-03-27T15:56:50,2
c0001114,post000581,u00023,2025-03-27T15:57:34,0
c0001115,post000555,u00174,2025-03-27T16:16:01,1
c0001116,post000571,u00046,2025-03-27T20:08:04,1
c0001117,post000581,u00020,2025-03-27T21:39:40,1
c0001118,post000567,u00247,2025-03-27T22:33:42,0
c0001119,post000565,u00354,2025-03-27T22:34:47,3
c0001120,post000590,u00212,2025-03-27T23:21:26,1
c0001121,post000586,u00205,2025-03-27T23:30:16,2
c0001122,post000616,u00174,2025-03-28T01:27:41,1
c0001123,post000601,u00074,2025-03-28T04:56:52,1
c0001124,post000608,u00348,2025-03-28T05:38:07,0
c0001125,post000609,u00157,2025-03-28T05:56:56,3
c0001126,post000566,u00141,2025-03-28T06:00:22,4
c0001127,post000609,u00321,2025-03-28T06:56:09,0
c0001128,post000608,u00311,2025-03-28T07:04:20,2
c0001129,post000583,u00114,2025-03-28T07:24:43,0
c0001130,post000595,u00051,2025-03-28T08:23:20,0
c0001131,post000613,u00225,2025-03-28T09:16:48,2
c0001132,post000591,u00187,2025-03-28T10:10:45,1
c0001133,post000615,u00023,2025-03-28T10:11:54,0
c0001134,post000578,u00006,2025-03-28T10:29:11,3
c0001135,post000621,u00120,2025-03-28T11:02:31,0
c0001136,post000614,u00370,2025-03-28T11:07:32,0
c0001137,post000572,u00267,2025-03-28T11:27:01,1
c0001138,post000579,u00006,2025-03-28T11:32:59,0
c0001139,post000584,u00128,2025-03-28T11:47:22,0
c0001140,post000626,u00205,2025-03-28T12:16:29,1
c0001141,post000582,u00006,2025-03-28T12:24:48,0
c0001142,post000579,u00128,2025-03-28T12:25:10,2
c0001143,post000581,u00112,2025-03-28T12:38:58,1
c0001144,post000593,u00395,2025-03-28T12:49:51,2
c0001145,post000591,u00185,2025-03-28T12:50:38,1
c0001146,post000605,u00120,2025-03-28T12:55:19,0
c0001147,post000629,u00023,2025-03-28T13:04:56,1
c0001148,post000604,u00205,2025-03-28T13:10:17,1
c0001149,post000609,u00348,2025-03-28T13:28:08,0
c0001150,post000608,u00260,2025-03-28T14:12:53,0
c0001151,post000587,u00308,2025-03-28T14:14:00,0
c0001152,post000613,u00013,2025-03-28T14:57:59,0
c0001153,post000596,u00159,2025-03-28T15:27:03,0
c0001154,post000619,u00040,2025-03-28T16:03:52,1
c0001155,post000635,u00120,2025-03-28T16:15:10,2
c0001156,post000614,u00381,2025-03-28T16:15:32,1
c0001157,post000595,u00039,2025-03-28T16:28:31,0
c0001158,post000581,u00352,2025-03-28T17:04:54,2
c0001159,post000589,u00096,2025-03-28T17:34:20,0
c0001160,post000631,u00159,2025-03-28T17:40:23,4
c0001161,post000601,u00031,2025-03-28T18:04:57,0
c0001162,post000605,u00187,2025-03-28T18:39:45,1
c0001163,post000624,u00024,2025-03-28T20:13:20,1
c0001164,post000597,u00108,2025-03-28T21:13:21,0
c0001165,post000593,u00380,2025-03-28T22:47:03,2
c0001166,post000596,u00146,2025-03-28T22:59:30,1
c0001167,post000584,u00036,2025-03-29T00:18:11,0
c0001168,post000605,u00114,2025-03-29T00:46:52,0
c0001169,post000583,u00369,2025-03-29T00:52:59,1
c0001170,post000597,u00120,2025-03-29T02:02:46,1
c0001171,post000606,u00185,2025-03-29T03:03:45,0
c0001172,post000607,u00354,2025-03-29T03:08:28,1
c0001173,post000605,u00192,2025-03-29T04:25:46,2
c0001174,post000591,u00287,2025-03-29T04:30:08,1
c0001175,post000610,u00125,2025-03-29T06:22:04,0
c0001176,post000630,u00013,2025-03-29T06:43:05,0
c0001177,post000591,u00312,2025-03-29T07:16:48,1
c0001178,post000603,u00114,2025-03-29T09:46:33,0
c0001179,post000625,u00174,2025-03-29T10:12:18,1
c0001180,post000633,u00185,2025-03-29T10:20:00,0
c0001181,post000598,u00120,2025-03-29T10:43:38,1
c0001182,post000616,u00159,2025-03-29T10:59:00,1
c0001183,post000597,u00050,2025-03-29T11:45:49,1
c0001184,post000592,u00098,2025-03-29T12:26:27,3
c0001185,post000632,u00276,2025-03-29T12:45:34,1
c0001186,post000633,u00253,2025-03-29T12:56:13,1
c0001187,post000648,u00146,2025-03-29T13:39:12,0
c0001188,post000641,u00185,2025-03-29T14:17:32,0
c0001189,post000621,u00124,2025-03-29T14:39:20,1
c0001190,post000649,u00174,2025-03-29T15:51:49,2
c0001191,post000654,u00187,2025-03-29T16:07:35,2
c0001192,post000634,u00098,2025-03-29T16:13:48,2
c0001193,post000642,u00120,2025-03-29T18:22:44,0
c0001194,post000633,u00325,2025-03-29T19:09:29,0
c0001195,post000651,u00096,2025-03-29T20:34:23,0
c0001196,post000621,u00098,2025-03-29T20:58:53,0
c0001197,post000635,u00348,2025-03-29T21:21:00,1
c0001198,post000605,u00159,2025-03-29T21:21:56,1
c0001199,post000628,u00052,2025-03-29T22:09:49,0
c0001200,post000644,u00120,2025-03-29T22:51:21,1
c0001201,post000612,u00096,2025-03-29T23:58:25,0
c0001202,post000653,u00339,2025-03-30T01:54:12,1
c0001203,post000605,u00083,2025-03-30T02:36:55,1
c0001204,post000606,u00235,2025-03-30T03:41:18,0
c0001205,post000603,u00260,2025-03-30T06:41:35,0
c0001206,post000645,u00252,2025-03-30T06:48:20,1
c0001207,post000630,u00383,2025-03-30T06:49:59,2
c0001208,post000642,u00219,2025-03-30T07:01:05,0
c0001209,post000627,u00020,2025-03-30T08:16:55,0
c0001210,post000644,u00067,2025-03-30T08:19:38,0
c0001211,post000631,u00260,2025-03-30T08:22:58,0
c0001212,post000659,u00260,2025-03-30T08:24:24,2
c0001213,post000652,u00251,2025-03-30T08:53:30,2
c0001214,post000640,u00395,2025-03-30T09:00:49,1
c0001215,post000654,u00351,2025-03-30T09:37:56,2
c0001216,post000654,u00174,2025-03-30T10:07:27,1
c0001217,post000624,u00370,2025-03-30T10:47:40,3
c0001218,post000609,u00263,2025-03-30T11:20:55,0
c0001219,post000616,u00383,2025-03-30T11:38:34,0
c0001220,post000639,u00067,2025-03-30T11:39:31,0
c0001221,post000623,u00352,2025-03-30T11:49:41,0
c0001222,post000660,u00255,2025-03-30T11:52:15,3
c0001223,post000660,u00066,2025-03-30T12:14:44,2
c0001224,post000656,u00006,2025-03-30T12:49:53,0
c0001225,post000620,u00325,2025-03-30T12:56:20,3
c0001226,post000629,u00352,2025-03-30T14:13:23,0
c0001227,post000663,u00006,2025-03-30T14:13:50,0
c0001228,post000620,u00102,2025-03-30T15:44:34,1
c0001229,post000650,u00381,2025-03-30T16:26:18,0
c0001230,post000635,u00006,2025-03-30T19:39:12,0
c0001231,post000668,u00006,2025-03-30T20:28:09,1
c0001232,post000671,u00107,2025-03-31T00:00:29,3
c0001233,post000646,u00196,2025-03-31T00:01:26,0
c0001234,post000628,u00098,2025-03-31T00:33:38,0
c0001235,post000627,u00186,2025-03-31T01:28:05,2
c0001236,post000650,u00317,2025-03-31T01:30:54,2
c0001237,post000653,u00087,2025-03-31T03:26:24,1
c0001238,post000665,u00185,2025-03-31T03:55:10,1
c0001239,post000674,u00089,2025-03-31T04:00:25,1
c0001240,post000643,u00054,2025-03-31T04:46:38,0
c0001241,post000660,u00096,2025-03-31T04:50:59,0
c0001242,post000660,u00185,2025-03-31T05:15:40,0
c0001243,post000626,u00050,2025-03-31T06:31:41,0
c0001244,post000638,u00326,2025-03-31T07:34:21,1
c0001245,post000631,u00260,2025-03-31T08:33:39,0
c0001246,post000626,u00353,2025-03-31T09:11:23,5
c0001247,post000655,u00006,2025-03-31T09:32:16,1
c0001248,post000652,u00031,2025-03-31T09:49:47,0
c0001249,post000659,u00383,2025-03-31T09:50:41,2
c0001250,post000654,u00395,2025-03-31T10:03:47,2
c0001251,post000637,u00090,2025-03-31T10:06:51,0
c0001252,post000677,u00159,2025-03-31T10:29:45,0
c0001253,post000671,u00227,2025-03-31T10:42:09,1
c0001254,post000670,u00168,2025-03-31T11:01:08,0
c0001255,post000653,u00046,2025-03-31T11:13:01,0
c0001256,post000669,u00006,2025-03-31T11:40:22,0
c0001257,post000639,u00031,2025-03-31T12:19:30,1
c0001258,post000642,u00192,2025-03-31T12:54:23,0
c0001259,post000686,u00120,2025-03-31T13:01:30,0
c0001260,post000665,u00036,2025-03-31T13:04:37,1
c0001261,post000648,u00260,2025-03-31T13:09:44,3
c0001262,post000657,u00039,2025-03-31T13:14:24,0
c0001263,post000682,u00114,2025-03-31T14:41:46,1
c0001264,post000665,u00358,2025-03-31T14:45:47,1
c0001265,post000642,u00048,2025-03-31T14:52:03,0
c0001266,post000643,u00192,2025-03-31T14:57:54,1
c0001267,post000652,u00067,2025-03-31T15:13:56,1
c0001268,post000656,u00090,2025-03-31T15:28:14,3
c0001269,post000672,u00265,2025-03-31T15:39:57,0
c0001270,post000685,u00098,2025-03-31T15:47:58,0
c0001271,post000644,u00064,2025-03-31T16:24:47,0
c0001272,post000689,u00291,2025-03-31T16:58:30,0
c0001273,post000674,u00257,2025-03-31T18:58:15,0
c0001274,post000682,u00308,2025-03-31T19:14:41,2
c0001275,post000666,u00159,2025-03-31T19:37:35,1
c0001276,post000667,u00329,2025-03-31T20:04:21,0
c0001277,post000686,u00187,2025-03-31T20:20:42,2
c0001278,post000686,u00250,2025-03-31T20:36:48,1
c0001279,post000675,u00125,2025-03-31T22:35:50,1
c0001280,post000649,u00189,2025-03-31T23:17:13,0
c0001281,post000658,u00012,2025-04-01T01:47:39,1
c0001282,post000644,u00120,2025-04-01T01:51:32,0
c0001283,post000681,u00380,2025-04-01T01:55:35,0
c0001284,post000663,u00287,2025-04-01T03:34:24,1
c0001285,post000686,u00240,2025-04-01T03:54:27,1
c0001286,post000692,u00196,2025-04-01T04:07:02,1
c0001287,post000654,u00037,2025-04-01T04:13:24,1
c0001288,post000654,u00087,2025-04-01T04:19:52,0
c0001289,post000654,u00186,2025-04-01T04:50:24,1
c0001290,post000646,u00339,2025-04-01T04:57:15,0
c0001291,post000672,u00013,2025-04-01T06:36:21,1
c0001292,post000653,u00032,2025-04-01T07:00:20,2
c0001293,post000685,u00253,2025-04-01T08:47:57,0
c0001294,post000665,u00311,2025-04-01T09:03:02,0
c0001295,post000653,u00126,2025-04-01T09:09:56,0
c0001296,post000681,u00159,2025-04-01T09:30:13,1
c0001297,post000671,u00329,2025-04-01T09:38:48,1
c0001298,post000708,u00246,2025-04-01T11:24:41,1
c0001299,post000677,u00126,2025-04-01T12:01:56,2
c0001300,post000662,u00037,2025-04-01T12:19:36,0
c0001301,post000683,u00142,2025-04-01T12:21:21,1
c0001302,post000709,u00312,2025-04-01T12:26:34,1
c0001303,post000661,u00009,2025-04-01T12:47:21,0
c0001304,post000671,u00235,2025-04-01T12:50:26,0
c0001305,post000694,u00159,2025-04-01T12:54:58,0
c0001306,post000669,u00032,2025-04-01T12:57:32,0
c0001307,post000666,u00006,2025-04-01T12:58:32,2
c0001308,post000667,u00032,2025-04-01T13:15:56,1
c0001309,post000676,u00006,2025-04-01T13:23:44,0
c0001310,post000704,u00244,2025-04-01T13:26:05,4
c0001311,post000687,u00221,2025-04-01T13:28:13,2
c0001312,post000676,u00326,2025-04-01T13:37:14,1
c0001313,post000698,u00114,2025-04-01T13:49:36,2
c0001314,post000700,u00300,2025-04-01T13:52:55,1
c0001315,post000692,u00325,2025-04-01T14:01:43,1
c0001316,post000683,u00127,2025-04-01T14:30:37,0
c0001317,post000696,u00114,2025-04-01T14:35:39,1
c0001318,post000656,u00107,2025-04-01T14:47:59,0
c0001319,post000694,u00174,2025-04-01T15:07:04,0
c0001320,post000713,u00133,2025-04-01T15:28:29,1
c0001321,post000677,u00380,2025-04-01T15:49:53,0
c0001322,post000689,u00313,2025-04-01T16:05:34,1
c0001323,post000676,u00174,2025-04-01T16:06:16,1
c0001324,post000690,u00276,2025-04-01T16:37:44,1
c0001325,post000659,u00047,2025-04-01T17:22:08,1
c0001326,post000681,u00040,2025-04-01T17:59:02,1
c0001327,post000682,u00210,2025-04-01T18:11:21,2
c0001328,post000703,u00380,2025-04-01T18:36:22,0
c0001329,post000687,u00265,2025-04-01T19:00:53,3
c0001330,post000673,u00174,2025-04-01T19:03:25,0
c0001331,post000701,u00148,2025-04-01T20:48:38,0
c0001332,post000664,u00244,2025-04-01T21:45:02,0
c0001333,post000676,u00041,2025-04-01T21:49:24,0
c0001334,post000672,u00221,2025-04-01T22:26:38,1
c0001335,post000686,u00114,2025-04-01T23:04:34,1
c0001336,post000692,u00288,2025-04-02T00:57:09,0
c0001337,post000679,u00031,2025-04-02T02:56:33,1
c0001338,post000716,u00120,2025-04-02T03:43:58,0
c0001339,post000700,u00052,2025-04-02T03:49:52,1
c0001340,post000714,u00173,2025-04-02T03:52:52,3
c0001341,post000684,u00046,2025-04-02T04:15:54,0
c0001342,post000708,u00326,2025-04-02T04:23:23,1
c0001343,post000710,u00262,2025-04-02T06:19:37,0
c0001344,post000665,u00032,2025-04-02T06:20:37,0
c0001345,post000716,u00046,2025-04-02T06:48:29,1
c0001346,post000668,u00114,2025-04-02T07:10:08,0
c0001347,post000719,u00112,2025-04-02T07:16:41,2
c0001348,post000668,u00244,2025-04-02T07:34:51,1
c0001349,post000698,u00085,2025-04-02T07:43:24,0
c0001350,post000688,u00352,2025-04-02T08:08:13,0
c0001351,post000689,u00326,2025-04-02T08:11:01,2
c0001352,post000720,u00052,2025-04-02T08:14:28,1
c0001353,post000671,u00225,2025-04-02T08:16:36,2
c0001354,post000723,u00048,2025-04-02T08:28:45,1
c0001355,post000693,u00295,2025-04-02T08:51:31,0
c0001356,post000681,u00006,2025-04-02T09:02:26,0
c0001357,post000703,u00006,2025-04-02T09:17:47,1
c0001358,post000702,u00374,2025-04-02T09:18:14,2
c0001359,post000724,u00259,2025-04-02T10:08:25,1
c0001360,post000678,u00079,2025-04-02T10:31:21,0
c0001361,post000706,u00265,2025-04-02T10:48:26,0
c0001362,post000691,u00264,2025-04-02T11:05:50,0
c0001363,post000709,u00225,2025-04-02T11:09:22,0
c0001364,post000677,u00098,2025-04-02T11:24:38,0
c0001365,post000684,u00352,2025-04-02T11:46:02,0
c0001366,post000719,u00154,2025-04-02T11:50:26,1
c0001367,post000711,u00308,2025-04-02T12:17:48,1
c0001368,post000706,u00035,2025-04-02T12:33:15,1
c0001369,post000723,u00366,2025-04-02T12:41:50,1
c0001370,post000711,u00308,2025-04-02T13:13:32,1
c0001371,post000726,u00360,2025-04-02T13:15:33,2
c0001372,post000692,u00132,2025-04-02T13:18:14,0
c0001373,post000736,u00260,2025-04-02T13:23:04,3
c0001374,post000687,u00006,2025-04-02T13:23:40,1
c0001375,post000734,u00048,2025-04-02T13:29:45,1
c0001376,post000703,u00025,2025-04-02T13:39:38,1
c0001377,post000707,u00037,2025-04-02T14:03:15,0
c0001378,post000712,u00120,2025-04-02T14:04:56,1
c0001379,post000700,u00230,2025-04-02T14:32:42,0
c0001380,post000702,u00162,2025-04-02T14:37:32,1
c0001381,post000720,u00333,2025-04-02T14:44:32,0
c0001382,post000735,u00127,2025-04-02T14:56:19,0
c0001383,post000701,u00052,2025-04-02T15:03:13,0
c0001384,post000703,u00196,2025-04-02T15:24:12,3
c0001385,post000704,u00196,2025-04-02T15:34:11,1
c0001386,post000738,u00114,2025-04-02T15:50:21,2
c0001387,post000722,u00045,2025-04-02T16:10:47,1
c0001388,post000691,u00120,2025-04-02T17:57:09,1
c0001389,post000747,u00120,2025-04-02T18:07:29,1
c0001390,post000710,u00260,2025-04-02T19:27:44,0
c0001391,post000717,u00344,2025-04-02T19:34:37,1
c0001392,post000731,u00210,2025-04-02T19:52:12,0
c0001393,post000701,u00096,2025-04-02T21:38:41,3
c0001394,post000749,u00395,2025-04-02T22:19:15,0
c0001395,post000751,u00114,2025-04-02T23:53:44,0
c0001396,post000734,u00265,2025-04-03T01:02:47,3
c0001397,post000726,u00321,2025-04-03T01:10:33,2
c0001398,post000700,u00192,2025-04-03T02:20:16,0
c0001399,post000742,u00032,2025-04-03T02:30:38,2
c0001400,post000750,u00196,2025-04-03T03:22:28,2
c0001401,post000757,u00308,2025-04-03T03:42:13,1
c0001402,post000706,u00265,2025-04-03T05:15:32,1
c0001403,post000727,u00197,2025-04-03T06:26:20,2
c0001404,post000760,u00192,2025-04-03T06:56:42,1
c0001405,post000760,u00380,2025-04-03T06:57:05,0
c0001406,post000705,u00337,2025-04-03T07:07:18,1
c0001407,post000756,u00117,2025-04-03T08:08:30,2
c0001408,post000722,u00153,2025-04-03T08:38:13,0
c0001409,post000724,u00148,2025-04-03T08:55:41,0
c0001410,post000712,u00308,2025-04-03T09:12:12,2
c0001411,post000758,u00265,2025-04-03T09:12:51,2
c0001412,post000715,u00308,2025-04-03T09:32:35,0
c0001413,post000755,u00050,2025-04-03T09:32:45,0
c0001414,post000760,u00006,2025-04-03T09:35:08,1
c0001415,post000712,u00260,2025-04-03T09:44:01,2
c0001416,post000730,u00205,2025-04-03T09:52:50,2
c0001417,post000739,u00383,2025-04-03T09:56:11,1
c0001418,post000730,u00337,2025-04-03T10:10:41,1
c0001419,post000728,u00399,2025-04-03T10:11:41,0
c0001420,post000716,u00260,2025-04-03T10:40:41,1
c0001421,post000757,u00260,2025-04-03T10:45:49,0
c0001422,post000753,u00251,2025-04-03T10:58:30,1
c0001423,post000704,u00196,2025-04-03T11:02:26,0
c0001424,post000761,u00339,2025-04-03T11:22:49,0
c0001425,post000723,u00205,2025-04-03T11:30:36,0
c0001426,post000709,u00163,2025-04-03T11:36:23,1
c0001427,post000750,u00146,2025-04-03T11:40:47,2
c0001428,post000752,u00090,2025-04-03T11:40:53,2
c0001429,post000742,u00263,2025-04-03T11:46:40,0
c0001430,post000738,u00150,2025-04-03T12:09:03,0
c0001431,post000762,u00023,2025-04-03T12:32:33,2
c0001432,post000764,u00090,2025-04-03T12:41:43,1
c0001433,post000734,u00335,2025-04-03T12:41:46,2
c0001434,post000719,u00174,2025-04-03T12:53:33,0
c0001435,post000724,u00054,2025-04-03T13:08:10,0
c0001436,post000756,u00057,2025-04-03T13:15:30,0
c0001437,post000749,u00237,2025-04-03T13:22:40,1
c0001438,post000719,u00380,2025-04-03T13:22:58,1
c0001439,post000741,u00384,2025-04-03T13:26:19,3
c0001440,post000761,u00335,2025-04-03T13:48:07,2
c0001441,post000716,u00146,2025-04-03T14:08:28,1
c0001442,post000760,u00380,2025-04-03T14:15:02,0
c0001443,post000768,u00291,2025-04-03T14:31:25,0
c0001444,post000732,u00322,2025-04-03T14:43:31,0
c0001445,post000741,u00174,2025-04-03T14:56:03,4
c0001446,post000723,u00260,2025-04-03T14:57:07,1
c0001447,post000748,u00308,2025-04-03T14:59:52,0
c0001448,post000747,u00196,2025-04-03T15:02:50,0
c0001449,post000717,u00380,2025-04-03T15:17:23,1
c0001450,post000746,u00326,2025-04-03T15:30:07,2
c0001451,post000760,u00120,2025-04-03T16:12:16,0
c0001452,post000763,u00090,2025-04-03T16:21:00,0
c0001453,post000765,u00127,2025-04-03T16:23:11,0
c0001454,post000722,u00276,2025-04-03T16:27:43,0
c0001455,post000757,u00186,2025-04-03T17:10:20,1
c0001456,post000762,u00069,2025-04-03T17:32:46,1
c0001457,post000727,u00247,2025-04-03T17:38:29,0
c0001458,post000772,u00351,2025-04-03T19:51:30,0
c0001459,post000734,u00006,2025-04-03T20:39:35,2
c0001460,post000738,u00156,2025-04-03T21:18:42,3
c0001461,post000753,u00380,2025-04-03T21:20:16,0
c0001462,post000726,u00143,2025-04-03T22:23:43,0
c0001463,post000770,u00032,2025-04-03T23:12:03,3
c0001464,post000744,u00156,2025-04-03T23:30:37,0
c0001465,post000748,u00187,2025-04-04T00:25:48,3
c0001466,post000733,u00241,2025-04-04T02:27:26,0
c0001467,post000743,u00032,2025-04-04T03:56:37,0
c0001468,post000767,u00189,2025-04-04T04:03:30,1
c0001469,post000742,u00036,2025-04-04T04:44:02,0
c0001470,post000768,u00090,2025-04-04T04:55:38,1
c0001471,post000727,u00331,2025-04-04T07:36:09,2
c0001472,post000766,u00205,2025-04-04T07:39:57,1
c0001473,post000780,u00051,2025-04-04T07:57:56,1
c0001474,post000780,u00196,2025-04-04T08:06:58,1
c0001475,post000767,u00337,2025-04-04T08:14:33,0
c0001476,post000736,u00205,2025-04-04T08:22:30,1
c0001477,post000753,u00096,2025-04-04T08:35:39,0
c0001478,post000758,u00060,2025-04-04T08:56:25,1
c0001479,post000738,u00351,2025-04-04T08:58:38,1
c0001480,post000749,u00156,2025-04-04T09:15:12,1
c0001481,post000780,u00268,2025-04-04T09:17:12,1
c0001482,post000739,u00067,2025-04-04T09:22:32,0
c0001483,post000761,u00253,2025-04-04T09:27:01,4
c0001484,post000766,u00067,2025-04-04T10:13:26,1
c0001485,post000778,u00186,2025-04-04T10:47:00,0
c0001486,post000785,u00046,2025-04-04T10:56:32,1
c0001487,post000782,u00185,2025-04-04T12:25:16,1
c0001488,post000743,u00339,2025-04-04T13:15:01,0
c0001489,post000790,u00344,2025-04-04T13:17:03,0
c0001490,post000761,u00120,2025-04-04T14:13:14,1
c0001491,post000783,u00376,2025-04-04T14:49:59,2
c0001492,post000748,u00349,2025-04-04T15:20:21,1
c0001493,post000783,u00260,2025-04-04T16:57:12,0
c0001494,post000766,u00120,2025-04-04T18:50:32,1
c0001495,post000793,u00380,2025-04-04T19:18:02,0
c0001496,post000780,u00310,2025-04-04T19:26:41,0
c0001497,post000746,u00241,2025-04-05T02:25:42,1
c0001498,post000777,u00299,2025-04-05T02:41:56,0
c0001499,post000774,u00006,2025-04-05T05:06:30,1
c0001500,post000749,u00329,2025-04-05T05:24:26,1
c0001501,post000767,u00384,2025-04-05T08:24:59,0
c0001502,post000792,u00013,2025-04-05T08:42:06,3
c0001503,post000768,u00006,2025-04-05T08:48:45,1
c0001504,post000766,u00082,2025-04-05T10:00:58,1
c0001505,post000756,u00209,2025-04-05T10:21:39,1
c0001506,post000754,u00098,2025-04-05T10:24:33,0
c0001507,post000792,u00037,2025-04-05T11:52:14,0
c0001508,post000782,u00053,2025-04-05T12:07:37,2
c0001509,post000767,u00369,2025-04-05T12:20:50,1
c0001510,post000762,u00205,2025-04-05T12:48:11,1
c0001511,post000760,u00013,2025-04-05T13:03:44,0
c0001512,post000768,u00006,2025-04-05T13:24:13,2
c0001513,post000763,u00351,2025-04-05T13:41:11,2
c0001514,post000786,u00197,2025-04-05T13:54:46,0
c0001515,post000799,u00147,2025-04-05T15:36:42,1
c0001516,post000778,u00209,2025-04-05T16:17:06,3
c0001517,post000792,u00209,2025-04-05T17:06:28,2
c0001518,post000802,u00192,2025-04-05T18:23:07,0
c0001519,post000784,u00281,2025-04-05T19:37:22,0
c0001520,post000777,u00325,2025-04-06T00:36:19,0
c0001521,post000802,u00114,2025-04-06T00:56:40,2
c0001522,post000794,u00290,2025-04-06T03:20:04,1
c0001523,post000782,u00178,2025-04-06T03:48:07,0
c0001524,post000802,u00120,2025-04-06T05:40:11,2
c0001525,post000784,u00024,2025-04-06T05:53:35,0
c0001526,post000782,u00087,2025-04-06T06:13:27,0
c0001527,post000813,u00174,2025-04-06T08:07:20,1
c0001528,post000814,u00186,2025-04-06T08:23:27,0
c0001529,post000823,u00252,2025-04-06T08:24:47,0
c0001530,post000809,u00376,2025-04-06T08:42:27,0
c0001531,post000823,u00112,2025-04-06T09:43:06,1
c0001532,post000799,u00390,2025-04-06T09:50:25,0
c0001533,post000800,u00035,2025-04-06T09:55:15,0
c0001534,post000785,u00085,2025-04-06T11:15:17,1
c0001535,post000794,u00187,2025-04-06T12:43:55,0
c0001536,post000782,u00252,2025-04-06T13:09:41,2
c0001537,post000800,u00301,2025-04-06T13:13:06,0
c0001538,post000790,u00174,2025-04-06T14:39:01,1
c0001539,post000794,u00360,2025-04-06T14:50:48,2
c0001540,post000812,u00235,2025-04-06T15:17:30,2
c0001541,post000808,u00384,2025-04-06T16:10:33,0
c0001542,post000807,u00205,2025-04-06T19:28:01,3
c0001543,post000782,u00209,2025-04-06T22:32:02,2
c0001544,post000776,u00055,2025-04-06T23:40:01,1
c0001545,post000824,u00205,2025-04-06T23:51:58,1
c0001546,post000787,u00291,2025-04-07T01:15:32,1
c0001547,post000794,u00369,2025-04-07T01:16:11,2
c0001548,post000811,u00006,2025-04-07T02:26:46,1
c0001549,post000796,u00260,2025-04-07T02:55:36,0
c0001550,post000777,u00156,2025-04-07T03:22:30,0
c0001551,post000792,u00202,2025-04-07T04:54:57,0
c0001552,post000799,u00023,2025-04-07T05:49:43,0
c0001553,post000783,u00039,2025-04-07T08:33:32,1
c0001554,post000787,u00106,2025-04-07T09:15:10,0
c0001555,post000801,u00126,2025-04-07T10:01:00,1
c0001556,post000797,u00053,2025-04-07T10:04:59,1
c0001557,post000780,u00245,2025-04-07T10:22:08,1
c0001558,post000780,u00260,2025-04-07T10:22:34,1
c0001559,post000800,u00339,2025-04-07T10:40:21,0
c0001560,post000801,u00032,2025-04-07T10:42:09,2
c0001561,post000824,u00399,2025-04-07T10:52:42,0
c0001562,post000800,u00087,2025-04-07T11:07:26,1
c0001563,post000793,u00175,2025-04-07T11:35:01,0
c0001564,post000821,u00098,2025-04-07T12:09:56,0
c0001565,post000818,u00148,2025-04-07T12:52:29,2
c0001566,post000839,u00023,2025-04-07T12:56:23,0
c0001567,post000800,u00351,2025-04-07T13:12:14,0
c0001568,post000837,u00238,2025-04-07T13:17:22,0
c0001569,post000848,u00352,2025-04-07T13:43:11,0
c0001570,post000827,u00052,2025-04-07T13:52:49,1
c0001571,post000795,u00260,2025-04-07T14:55:09,0
c0001572,post000803,u00355,2025-04-07T14:55:51,1
c0001573,post000840,u00259,2025-04-07T15:36:31,0
c0001574,post000811,u00225,2025-04-07T15:57:48,3
c0001575,post000813,u00126,2025-04-07T16:00:06,0
c0001576,post000808,u00192,2025-04-07T16:23:21,1
c0001577,post000818,u00117,2025-04-07T16:31:15,0
c0001578,post000844,u00301,2025-04-07T16:43:50,0
c0001579,post000817,u00003,2025-04-07T17:41:53,1
c0001580,post000820,u00234,2025-04-07T17:42:42,0
c0001581,post000842,u00265,2025-04-07T17:45:55,1
c0001582,post000817,u00089,2025-04-07T18:24:02,0
c0001583,post000830,u00308,2025-04-07T19:02:02,1
c0001584,post000831,u00291,2025-04-07T20:51:25,0
c0001585,post000820,u00354,2025-04-07T21:46:41,2
c0001586,post000852,u00185,2025-04-07T21:58:37,0
c0001587,post000854,u00050,2025-04-07T23:07:22,2
c0001588,post000849,u00159,2025-04-07T23:28:04,4
c0001589,post000842,u00227,2025-04-07T23:34:38,0
c0001590,post000809,u00311,2025-04-07T23:59:01,1
c0001591,post000860,u00159,2025-04-08T01:27:54,0
c0001592,post000843,u00265,2025-04-08T02:42:06,0
c0001593,post000864,u00098,2025-04-08T03:45:11,0
c0001594,post000806,u00240,2025-04-08T04:24:15,0
c0001595,post000849,u00260,2025-04-08T04:41:10,2
c0001596,post000850,u00037,2025-04-08T05:27:28,0
c0001597,post000821,u00074,2025-04-08T06:20:12,0
c0001598,post000836,u00220,2025-04-08T07:28:00,1
c0001599,post000846,u00046,2025-04-08T07:47:57,2
c0001600,post000822,u00186,2025-04-08T08:36:58,2
c0001601,post000836,u00159,2025-04-08T08:41:43,0
c0001602,post000833,u00187,2025-04-08T09:50:53,0
c0001603,post000854,u00046,2025-04-08T09:55:47,1
c0001604,post000848,u00146,2025-04-08T09:57:57,1
c0001605,post000848,u00098,2025-04-08T10:25:24,1
c0001606,post000817,u00326,2025-04-08T10:41:51,0
c0001607,post000840,u00173,2025-04-08T10:45:02,1
c0001608,post000835,u00310,2025-04-08T10:46:16,1
c0001609,post000836,u00281,2025-04-08T10:52:42,1
c0001610,post000863,u00370,2025-04-08T11:00:12,0
c0001611,post000858,u00256,2025-04-08T11:01:10,0
c0001612,post000852,u00037,2025-04-08T11:01:32,0
c0001613,post000825,u00057,2025-04-08T11:16:21,0
c0001614,post000863,u00187,2025-04-08T11:46:04,0
c0001615,post000815,u00186,2025-04-08T12:13:08,0
c0001616,post000868,u00037,2025-04-08T13:09:51,0
c0001617,post000830,u00156,2025-04-08T14:03:33,1
c0001618,post000866,u00037,2025-04-08T14:32:58,0
c0001619,post000832,u00185,2025-04-08T14:46:12,0
c0001620,post000876,u00037,2025-04-08T14:51:36,1
c0001621,post000869,u00003,2025-04-08T15:24:31,1
c0001622,post000877,u00240,2025-04-08T15:35:45,0
c0001623,post000848,u00140,2025-04-08T15:50:27,3
c0001624,post000864,u00063,2025-04-08T16:03:14,0
c0001625,post000848,u00065,2025-04-08T16:12:34,3
c0001626,post000831,u00185,2025-04-08T16:17:40,0
c0001627,post000868,u00083,2025-04-08T16:45:13,2
c0001628,post000864,u00326,2025-04-08T17:06:38,0
c0001629,post000883,u00209,2025-04-08T17:18:40,1
c0001630,post000861,u00107,2025-04-08T17:50:47,0
c0001631,post000878,u00011,2025-04-08T18:07:11,1
c0001632,post000844,u00187,2025-04-08T19:05:26,0
c0001633,post000832,u00167,2025-04-08T19:11:26,0
c0001634,post000874,u00282,2025-04-08T19:14:28,1
c0001635,post000844,u00326,2025-04-08T19:38:03,0
c0001636,post000879,u00215,2025-04-08T20:03:35,2
c0001637,post000886,u00127,2025-04-08T21:16:27,0
c0001638,post000869,u00352,2025-04-08T21:22:38,1
c0001639,post000845,u00124,2025-04-08T22:35:09,1
c0001640,post000861,u00169,2025-04-08T23:01:01,0
c0001641,post000884,u00083,2025-04-08T23:43:47,0
c0001642,post000848,u00046,2025-04-09T00:03:56,1
c0001643,post000884,u00173,2025-04-09T00:16:25,0
c0001644,post000868,u00048,2025-04-09T00:40:39,1
c0001645,post000887,u00339,2025-04-09T00:56:23,1
c0001646,post000841,u00277,2025-04-09T03:23:38,0
c0001647,post000854,u00384,2025-04-09T03:47:58,1
c0001648,post000875,u00205,2025-04-09T04:22:41,1
c0001649,post000869,u00032,2025-04-09T06:43:16,0
c0001650,post000885,u00274,2025-04-09T07:03:52,1
c0001651,post000857,u00174,2025-04-09T07:41:33,1
c0001652,post000846,u00146,2025-04-09T08:08:59,0
c0001653,post000890,u00263,2025-04-09T08:34:47,0
c0001654,post000888,u00259,2025-04-09T08:43:30,2
c0001655,post000840,u00225,2025-04-09T09:08:05,1
c0001656,post000858,u00099,2025-04-09T09:14:14,2
c0001657,post000877,u00330,2025-04-09T09:22:55,1
c0001658,post000885,u00174,2025-04-09T09:24:19,1
c0001659,post000836,u00062,2025-04-09T10:27:16,1
c0001660,post000882,u00224,2025-04-09T10:48:56,0
c0001661,post000891,u00360,2025-04-09T11:08:53,0
c0001662,post000873,u00118,2025-04-09T11:15:47,0
c0001663,post000851,u00185,2025-04-09T11:55:58,1
c0001664,post000873,u00348,2025-04-09T12:10:42,0
c0001665,post000845,u00308,2025-04-09T12:30:44,0
c0001666,post000887,u00004,2025-04-09T12:52:14,2
c0001667,post000883,u00240,2025-04-09T13:49:43,2
c0001668,post000869,u00393,2025-04-09T14:27:07,1
c0001669,post000871,u00185,2025-04-09T14:28:30,0
c0001670,post000851,u00263,2025-04-09T14:44:23,1
c0001671,post000886,u00131,2025-04-09T15:33:41,1
c0001672,post000843,u00209,2025-04-09T15:42:20,1
c0001673,post000893,u00147,2025-04-09T15:56:29,2
c0001674,post000882,u00105,2025-04-09T16:31:27,0
c0001675,post000877,u00221,2025-04-09T16:42:10,0
c0001676,post000896,u00087,2025-04-09T18:50:54,2
c0001677,post000856,u00274,2025-04-09T19:14:09,2
c0001678,post000883,u00146,2025-04-09T19:58:50,1
c0001679,post000854,u00085,2025-04-09T20:38:24,0
c0001680,post000866,u00024,2025-04-09T20:45:03,1
c0001681,post000862,u00274,2025-04-09T21:57:20,1
c0001682,post000894,u00087,2025-04-09T22:51:36,2
c0001683,post000871,u00196,2025-04-10T00:37:16,3
c0001684,post000894,u00225,2025-04-10T00:45:48,1
c0001685,post000906,u00123,2025-04-10T01:17:53,0
c0001686,post000872,u00108,2025-04-10T01:29:49,0
c0001687,post000880,u00117,2025-04-10T02:04:19,1
c0001688,post000850,u00203,2025-04-10T02:27:04,1
c0001689,post000857,u00325,2025-04-10T04:16:25,2
c0001690,post000879,u00240,2025-04-10T07:21:47,0
c0001691,post000886,u00244,2025-04-10T07:34:28,1
c0001692,post000907,u00065,2025-04-10T08:01:29,1
c0001693,post000898,u00318,2025-04-10T08:07:40,0
c0001694,post000869,u00225,2025-04-10T08:13:46,0
c0001695,post000859,u00057,2025-04-10T08:29:22,1
c0001696,post000904,u00096,2025-04-10T08:46:18,0
c0001697,post000884,u00314,2025-04-10T08:47:08,3
c0001698,post000864,u00052,2025-04-10T08:59:46,3
c0001699,post000904,u00067,2025-04-10T09:45:14,0
c0001700,post000901,u00300,2025-04-10T10:30:24,1
c0001701,post000868,u00351,2025-04-10T10:40:24,0
c0001702,post000863,u00314,2025-04-10T10:52:13,1
c0001703,post000909,u00240,2025-04-10T11:25:51,1
c0001704,post000866,u00350,2025-04-10T11:51:15,3
c0001705,post000896,u00234,2025-04-10T11:54:54,1
c0001706,post000916,u00350,2025-04-10T11:58:20,2
c0001707,post000867,u00212,2025-04-10T11:59:28,0
c0001708,post000878,u00308,2025-04-10T12:47:32,1
c0001709,post000867,u00146,2025-04-10T12:50:36,0
c0001710,post000905,u00337,2025-04-10T12:50:48,1
c0001711,post000898,u00213,2025-04-10T13:16:49,1
c0001712,post000913,u00178,2025-04-10T13:19:06,0
c0001713,post000891,u00352,2025-04-10T14:00:19,0
c0001714,post000914,u00187,2025-04-10T15:24:15,1
c0001715,post000890,u00186,2025-04-10T15:32:34,3
c0001716,post000892,u00067,2025-04-10T15:36:02,2
c0001717,post000921,u00114,2025-04-10T16:03:17,0
c0001718,post000917,u00390,2025-04-10T16:10:42,1
c0001719,post000871,u00159,2025-04-10T16:19:19,0
c0001720,post000903,u00046,2025-04-10T16:25:59,1
c0001721,post000919,u00096,2025-04-10T16:42:05,1
c0001722,post000908,u00225,2025-04-10T17:01:37,1
c0001723,post000919,u00193,2025-04-10T17:49:56,0
c0001724,post000887,u00194,2025-04-10T18:30:44,0
c0001725,post000921,u00114,2025-04-10T19:25:08,1
c0001726,post000890,u00108,2025-04-10T21:15:27,1
c0001727,post000886,u00265,2025-04-10T21:38:44,1
c0001728,post000934,u00246,2025-04-10T23:12:41,2
c0001729,post000900,u00337,2025-04-10T23:17:26,1
c0001730,post000883,u00308,2025-04-10T23:55:03,1
c0001731,post000910,u00194,2025-04-11T00:17:52,1
c0001732,post000930,u00308,2025-04-11T00:42:21,1
c0001733,post000927,u00069,2025-04-11T00:57:14,0
c0001734,post000879,u00241,2025-04-11T01:14:07,0
c0001735,post000917,u00023,2025-04-11T01:20:40,3
c0001736,post000887,u00210,2025-04-11T04:01:45,0
c0001737,post000918,u00032,2025-04-11T04:45:30,1
c0001738,post000882,u00395,2025-04-11T05:02:36,3
c0001739,post000911,u00240,2025-04-11T06:44:07,0
c0001740,post000888,u00260,2025-04-11T06:53:22,0
c0001741,post000885,u00196,2025-04-11T07:20:50,3
c0001742,post000934,u00020,2025-04-11T08:52:09,1
c0001743,post000898,u00120,2025-04-11T08:58:33,0
c0001744,post000936,u00383,2025-04-11T09:11:14,0
c0001745,post000931,u00018,2025-04-11T09:16:15,1
c0001746,post000921,u00187,2025-04-11T09:37:27,1
c0001747,post000902,u00098,2025-04-11T09:41:16,2
c0001748,post000909,u00023,2025-04-11T10:24:33,1
c0001749,post000913,u00371,2025-04-11T11:10:55,1
c0001750,post000898,u00247,2025-04-11T11:22:20,0
c0001751,post000941,u00326,2025-04-11T11:43:13,1
c0001752,post000930,u00358,2025-04-11T11:47:10,0
c0001753,post000936,u00193,2025-04-11T12:39:49,0
c0001754,post000918,u00272,2025-04-11T12:58:02,0
c0001755,post000904,u00004,2025-04-11T13:28:35,1
c0001756,post000933,u00168,2025-04-11T13:32:25,0
c0001757,post000933,u00118,2025-04-11T13:32:46,0
c0001758,post000935,u00032,2025-04-11T14:12:03,0
c0001759,post000891,u00192,2025-04-11T14:16:10,0
c0001760,post000947,u00330,2025-04-11T16:32:19,2
c0001761,post000894,u00209,2025-04-11T16:42:08,0
c0001762,post000914,u00006,2025-04-11T16:55:44,0
c0001763,post000932,u00209,2025-04-11T17:36:08,1
c0001764,post000930,u00037,2025-04-11T18:03:51,3
c0001765,post000941,u00120,2025-04-11T18:57:33,0
c0001766,post000901,u00256,2025-04-11T18:58:29,0
c0001767,post000945,u00328,2025-04-11T19:18:04,0
c0001768,post000921,u00117,2025-04-11T19:34:47,0
c0001769,post000904,u00156,2025-04-11T19:37:27,0
c0001770,post000951,u00120,2025-04-11T20:00:02,0
c0001771,post000894,u00052,2025-04-11T20:49:40,0
c0001772,post000895,u00304,2025-04-11T21:30:10,0
c0001773,post000895,u00337,2025-04-11T23:35:56,3
c0001774,post000929,u00209,2025-04-11T23:50:47,0
c0001775,post000931,u00114,2025-04-12T01:52:17,1
c0001776,post000943,u00192,2025-04-12T02:57:13,1
c0001777,post000943,u00174,2025-04-12T04:15:38,0
c0001778,post000917,u00380,2025-04-12T06:27:52,1
c0001779,post000899,u00067,2025-04-12T07:51:38,2
c0001780,post000902,u00174,2025-04-12T08:28:07,0
c0001781,post000902,u00251,2025-04-12T09:17:35,1
c0001782,post000937,u00187,2025-04-12T09:25:08,0
c0001783,post000914,u00235,2025-04-12T09:31:06,2
c0001784,post000915,u00128,2025-04-12T10:48:28,2
c0001785,post000917,u00023,2025-04-12T11:01:40,0
c0001786,post000940,u00096,2025-04-12T11:26:43,1
c0001787,post000943,u00314,2025-04-12T12:42:14,0
c0001788,post000919,u00011,2025-04-12T14:39:22,1
c0001789,post000905,u00138,2025-04-12T14:48:05,2
c0001790,post000917,u00392,2025-04-12T14:54:53,0
c0001791,post000918,u00098,2025-04-12T17:01:11,1
c0001792,post000945,u00243,2025-04-12T17:10:45,0
c0001793,post000933,u00226,2025-04-12T17:25:16,2
c0001794,post000924,u00098,2025-04-12T17:27:01,2
c0001795,post000919,u00187,2025-04-12T18:22:56,0
c0001796,post000935,u00146,2025-04-12T18:59:22,2
c0001797,post000947,u00006,2025-04-12T19:59:08,2
c0001798,post000965,u00277,2025-04-12T20:06:37,0
c0001799,post000910,u00159,2025-04-12T22:57:22,1
c0001800,post000960,u00205,2025-04-12T23:56:52,1
c0001801,post000911,u00341,2025-04-13T00:10:05,1
c0001802,post000959,u00096,2025-04-13T00:58:59,1
c0001803,post000918,u00032,2025-04-13T02:49:56,0
c0001804,post000947,u00032,2025-04-13T02:50:42,0
c0001805,post000929,u00156,2025-04-13T03:15:51,0
c0001806,post000913,u00314,2025-04-13T04:55:40,1
c0001807,post000911,u00192,2025-04-13T05:13:57,0
c0001808,post000929,u00249,2025-04-13T08:07:08,1
c0001809,post000937,u00185,2025-04-13T09:19:44,1
c0001810,post000944,u00187,2025-04-13T09:26:07,1
c0001811,post000965,u00156,2025-04-13T09:47:46,0
c0001812,post000969,u00350,2025-04-13T10:12:12,0
c0001813,post000936,u00011,2025-04-13T11:37:19,1
c0001814,post000944,u00314,2025-04-13T11:42:13,1
c0001815,post000974,u00085,2025-04-13T12:00:32,0
c0001816,post000954,u00350,2025-04-13T12:24:25,0
c0001817,post000976,u00185,2025-04-13T14:28:30,1
c0001818,post000966,u00185,2025-04-13T14:49:47,0
c0001819,post000978,u00037,2025-04-13T15:37:23,0
c0001820,post000974,u00156,2025-04-13T16:22:52,4
c0001821,post000965,u00353,2025-04-13T17:38:07,0
c0001822,post000979,u00023,2025-04-13T18:52:03,2
c0001823,post000951,u00329,2025-04-13T20:59:52,2
c0001824,post000964,u00350,2025-04-13T21:11:06,1
c0001825,post000982,u00105,2025-04-13T22:45:54,0
