post_id,author_id,stream_id,created_at,has_video,mention_count,comment_count,like_count,comment_like_count
post000001,u00185,s010,2025-03-03T00:00:23,0,0,11,78,10
post000002,u00259,s009,2025-03-03T00:13:41,0,0,8,68,5
post000003,u00052,s008,2025-03-03T03:39:00,0,0,11,61,9
post000004,u00006,s004,2025-03-03T07:06:17,0,0,5,56,6
post000005,u00118,s004,2025-03-03T07:57:11,0,0,4,36,2
post000006,u00063,s001,2025-03-03T08:06:52,0,0,5,63,7
post000007,u00281,s007,2025-03-03T08:15:34,0,1,8,51,12
post000008,u00383,s005,2025-03-03T09:39:16,0,1,7,37,6
post000009,u00251,s010,2025-03-03T09:56:01,0,1,4,31,3
post000010,u00034,s004,2025-03-03T10:41:25,0,1,8,37,14
post000011,u00366,s004,2025-03-03T11:13:31,0,0,6,31,5
post000012,u00205,s005,2025-03-03T12:02:38,1,0,1,40,1
post000013,u00329,s004,2025-03-03T12:31:23,0,1,4,24,5
post000014,u00117,s007,2025-03-03T15:40:09,1,1,4,27,4
post000015,u00225,s007,2025-03-03T16:09:44,0,0,2,26,0
post000016,u00098,s005,2025-03-03T16:17:09,0,1,6,19,5
post000017,u00235,s010,2025-03-03T20:16:53,0,0,1,19,0
post000018,u00096,s010,2025-03-03T20:59:12,0,1,3,17,3
post000019,u00364,s005,2025-03-03T21:01:38,0,0,2,20,1
post000020,u00120,s004,2025-03-03T22:06:01,0,0,3,25,6
post000021,u00046,s000,2025-03-03T22:27:46,0,0,3,19,2
post000022,u00225,s007,2025-03-04T00:03:42,0,0,3,22,1
post000023,u00274,s011,2025-03-04T00:17:05,1,0,2,21,6
post000024,u00256,s003,2025-03-04T00:29:36,0,1,2,22,0
post000025,u00114,s004,2025-03-04T01:17:54,0,0,2,23,2
post000026,u00256,s000,2025-03-04T02:44:32,0,0,0,11,0
post000027,u00302,s010,2025-03-04T08:15:27,0,0,2,13,1
post000028,u00123,s011,2025-03-04T08:22:07,1,2,0,16,0
post000029,u00093,s004,2025-03-04T09:45:24,1,0,1,12,1
post000030,u00185,s004,2025-03-04T09:54:17,0,1,2,14,2
post000031,u00274,s005,2025-03-04T10:59:57,0,1,1,13,1
post000032,u00006,s006,2025-03-04T11:04:46,1,0,2,12,0
post000033,u00196,s009,2025-03-04T11:16:14,0,0,5,20,5
post000034,u00355,s007,2025-03-04T12:24:21,0,0,2,7,5
post000035,u00052,s008,2025-03-04T12:32:39,0,2,0,14,0
post000036,u00011,s004,2025-03-04T12:37:04,0,0,1,13,2
post000037,u00192,s009,2025-03-04T12:46:08,0,0,1,21,0
post000038,u00187,s010,2025-03-04T13:21:33,0,0,3,12,2
post000039,u00096,s005,2025-03-04T14:40:07,0,0,1,9,2
post000040,u00187,s011,2025-03-04T14:56:54,0,0,4,18,4
post000041,u00205,s004,2025-03-04T16:01:38,0,1,2,16,4
post000042,u00142,s011,2025-03-04T16:23:23,0,0,1,9,0
post000043,u00185,s010,2025-03-04T16:53:11,0,1,2,14,1
post000044,u00302,s010,2025-03-04T17:50:23,0,2,2,14,3
post000045,u00037,s011,2025-03-04T18:01:31,0,0,5,22,1
post000046,u00205,s007,2025-03-04T20:08:32,1,0,2,13,1
post000047,u00339,s009,2025-03-05T01:13:16,0,1,3,4,1
post000048,u00265,s008,2025-03-05T03:27:05,0,0,0,13,0
post000049,u00235,s006,2025-03-05T03:51:37,0,1,4,11,5
post000050,u00262,s007,2025-03-05T04:16:52,0,0,3,9,3
post000051,u00023,s009,2025-03-05T04:19:52,0,0,2,14,3
post000052,u00037,s005,2025-03-05T06:17:35,0,0,2,10,1
post000053,u00052,s008,2025-03-05T07:16:53,0,0,2,11,1
post000054,u00276,s006,2025-03-05T07:29:17,0,0,0,8,0
post000055,u00308,s006,2025-03-05T08:10:34,0,1,4,14,1
post000056,u00085,s011,2025-03-05T08:49:23,0,0,0,10,0
post000057,u00065,s002,2025-03-05T09:44:55,0,0,0,8,0
post000058,u00339,s009,2025-03-05T10:21:31,0,0,3,13,1
post000059,u00125,s006,2025-03-05T11:10:14,0,0,1,16,0
post000060,u00185,s004,2025-03-05T11:43:19,0,0,0,12,0
post000061,u00250,s011,2025-03-05T11:48:42,1,0,1,7,0
post000062,u00006,s011,2025-03-05T11:59:40,0,1,3,8,1
post000063,u00173,s007,2025-03-05T12:07:57,0,1,4,12,4
post000064,u00282,s006,2025-03-05T12:33:17,0,1,1,12,1
post000065,u00326,s008,2025-03-05T12:56:23,1,2,0,10,0
post000066,u00120,s010,2025-03-05T12:58:16,0,0,0,15,0
post000067,u00032,s009,2025-03-05T13:34:29,0,3,1,13,1
post000068,u00089,s004,2025-03-05T13:50:59,0,1,4,14,4
post000069,u00147,s010,2025-03-05T14:25:26,1,1,0,17,0
post000070,u00190,s009,2025-03-05T15:13:21,1,0,0,11,0
post000071,u00230,s011,2025-03-05T16:04:05,0,0,1,16,0
post000072,u00196,s009,2025-03-05T16:19:12,0,0,0,8,0
post000073,u00192,s005,2025-03-05T21:37:36,0,1,1,10,1
post000074,u00337,s011,2025-03-05T21:43:00,0,1,2,17,1
post000075,u00235,s010,2025-03-05T21:55:24,0,0,1,15,0
post000076,u00036,s011,2025-03-05T21:57:25,1,0,2,13,0
post000077,u00114,s008,2025-03-06T00:31:15,0,2,2,12,3
post000078,u00120,s004,2025-03-06T01:37:55,0,0,1,10,0
post000079,u00225,s009,2025-03-06T01:45:27,0,0,1,10,5
post000080,u00326,s001,2025-03-06T01:49:23,0,0,1,18,0
post000081,u00098,s005,2025-03-06T02:03:07,1,0,1,14,0
post000082,u00259,s000,2025-03-06T02:52:03,0,0,3,10,1
post000083,u00054,s011,2025-03-06T03:03:04,0,0,2,8,1
post000084,u00337,s006,2025-03-06T03:05:11,1,0,0,11,0
post000085,u00069,s004,2025-03-06T03:26:51,0,1,0,15,0
post000086,u00189,s005,2025-03-06T04:19:35,0,1,0,12,0
post000087,u00263,s003,2025-03-06T04:42:55,0,1,2,15,2
post000088,u00213,s000,2025-03-06T06:19:31,0,0,0,6,0
post000089,u00096,s007,2025-03-06T08:14:49,1,1,2,6,2
post000090,u00337,s011,2025-03-06T08:19:45,0,0,2,14,0
post000091,u00037,s011,2025-03-06T08:58:17,0,0,3,8,2
post000092,u00098,s005,2025-03-06T09:00:00,0,0,5,12,2
post000093,u00260,s010,2025-03-06T09:34:17,1,1,1,17,0
post000094,u00225,s009,2025-03-06T10:06:11,0,0,3,10,3
post000095,u00339,s007,2025-03-06T10:25:38,0,0,2,14,1
post000096,u00308,s002,2025-03-06T10:50:22,1,0,2,9,1
post000097,u00339,s004,2025-03-06T10:54:36,0,0,1,8,1
post000098,u00235,s006,2025-03-06T11:04:10,0,0,1,13,1
post000099,u00306,s007,2025-03-06T11:04:15,0,0,2,9,3
post000100,u00237,s004,2025-03-06T11:05:03,1,0,2,14,3
post000101,u00196,s010,2025-03-06T13:24:18,0,0,3,16,1
post000102,u00399,s003,2025-03-06T14:02:11,0,0,3,10,4
post000103,u00037,s011,2025-03-06T14:30:42,0,0,3,9,4
post000104,u00015,s011,2025-03-06T14:39:57,1,1,2,10,0
post000105,u00376,s005,2025-03-06T14:51:54,1,0,2,14,2
post000106,u00260,s004,2025-03-06T14:54:25,0,1,1,24,1
post000107,u00120,s009,2025-03-06T15:01:48,0,0,1,13,1
post000108,u00120,s010,2025-03-06T16:44:19,0,0,4,12,3
post000109,u00159,s008,2025-03-06T17:59:34,0,0,2,22,0
post000110,u00203,s006,2025-03-06T18:47:42,0,0,0,16,0
post000111,u00337,s006,2025-03-06T19:49:03,1,1,0,18,0
post000112,u00380,s007,2025-03-06T21:28:21,0,1,2,16,1
post000113,u00369,s011,2025-03-06T22:46:11,0,2,3,12,4
post000114,u00098,s005,2025-03-07T00:09:02,0,1,3,19,2
post000115,u00087,s010,2025-03-07T00:12:19,0,0,2,28,2
post000116,u00276,s006,2025-03-07T00:26:45,0,1,0,15,0
post000117,u00090,s011,2025-03-07T03:00:34,0,1,2,9,3
post000118,u00185,s010,2025-03-07T05:04:53,0,2,4,15,1
post000119,u00265,s007,2025-03-07T06:13:26,0,0,2,20,1
post000120,u00291,s001,2025-03-07T07:07:48,0,0,1,11,0
post000121,u00308,s003,2025-03-07T07:31:21,0,1,2,15,2
post000122,u00006,s006,2025-03-07T08:59:19,0,0,0,15,0
post000123,u00205,s011,2025-03-07T09:24:09,0,0,1,16,1
post000124,u00090,s001,2025-03-07T09:30:54,0,0,3,10,4
post000125,u00308,s002,2025-03-07T09:39:04,0,0,2,13,2
post000126,u00230,s006,2025-03-07T10:09:11,0,0,2,8,2
post000127,u00098,s011,2025-03-07T10:11:04,0,0,1,16,1
post000128,u00197,s008,2025-03-07T10:27:51,0,0,1,8,0
post000129,u00380,s004,2025-03-07T10:52:36,0,1,2,12,2
post000130,u00006,s011,2025-03-07T12:05:05,0,0,0,10,0
post000131,u00265,s002,2025-03-07T12:08:58,0,0,1,15,1
post000132,u00308,s003,2025-03-07T13:07:59,0,1,2,15,3
post000133,u00023,s010,2025-03-07T13:17:59,1,0,3,10,4
post000134,u00055,s005,2025-03-07T13:18:47,0,0,2,9,2
post000135,u00265,s001,2025-03-07T13:43:44,0,0,2,18,1
post000136,u00205,s007,2025-03-07T14:09:00,0,0,3,15,5
post000137,u00174,s010,2025-03-07T14:47:23,0,0,2,15,1
post000138,u00013,s006,2025-03-07T15:08:38,1,2,2,7,1
post000139,u00007,s011,2025-03-07T15:24:58,0,0,1,13,0
post000140,u00380,s004,2025-03-07T15:52:12,0,1,1,13,2
post000141,u00096,s005,2025-03-07T16:55:58,0,0,1,12,0
post000142,u00237,s004,2025-03-07T17:55:29,0,0,1,12,1
post000143,u00276,s006,2025-03-07T18:13:48,0,0,0,18,0
post000144,u00052,s004,2025-03-07T18:26:59,0,0,1,13,0
post000145,u00282,s006,2025-03-07T21:45:33,0,0,1,14,0
post000146,u00352,s006,2025-03-07T22:48:06,1,0,2,22,0
post000147,u00023,s009,2025-03-08T02:30:41,0,1,0,14,0
post000148,u00032,s009,2025-03-08T02:34:43,0,0,1,12,1
post000149,u00174,s010,2025-03-08T05:45:26,0,0,0,11,0
post000150,u00357,s007,2025-03-08T07:18:22,0,0,1,18,0
post000151,u00397,s001,2025-03-08T08:26:27,0,0,4,10,4
post000152,u00099,s008,2025-03-08T09:06:00,0,0,1,15,1
post000153,u00209,s008,2025-03-08T10:06:45,0,0,1,13,0
post000154,u00282,s004,2025-03-08T10:37:45,0,0,3,18,3
post000155,u00108,s004,2025-03-08T22:33:13,0,2,1,9,2
post000156,u00197,s010,2025-03-09T00:00:09,1,0,1,11,0
post000157,u00096,s010,2025-03-09T00:12:28,0,0,0,12,0
post000158,u00159,s008,2025-03-09T00:12:59,0,1,2,10,2
post000159,u00006,s011,2025-03-09T02:51:14,0,0,0,10,0
post000160,u00087,s008,2025-03-09T03:09:51,0,0,6,10,5
post000161,u00283,s011,2025-03-09T05:04:55,1,1,2,9,1
post000162,u00023,s006,2025-03-09T07:22:15,0,1,2,20,3
post000163,u00185,s004,2025-03-09T08:40:59,1,1,3,11,0
post000164,u00006,s006,2025-03-09T08:51:02,0,1,1,9,1
post000165,u00235,s011,2025-03-09T09:03:00,0,0,0,12,0
post000166,u00234,s004,2025-03-09T11:11:29,0,0,1,11,0
post000167,u00374,s004,2025-03-09T11:26:19,0,0,2,16,4
post000168,u00205,s010,2025-03-09T12:40:04,0,1,0,9,0
post000169,u00114,s005,2025-03-09T14:06:46,0,0,2,12,2
post000170,u00096,s010,2025-03-09T14:45:50,0,1,2,11,1
post000171,u00330,s010,2025-03-09T19:29:07,1,1,1,7,1
post000172,u00046,s003,2025-03-10T00:26:11,1,0,0,8,0
post000173,u00326,s007,2025-03-10T01:05:15,0,1,1,6,1
post000174,u00265,s007,2025-03-10T01:46:30,0,0,1,8,0
post000175,u00032,s006,2025-03-10T01:55:14,0,0,1,11,0
post000176,u00197,s004,2025-03-10T02:31:11,1,0,2,9,1
post000177,u00268,s004,2025-03-10T03:50:09,0,0,1,7,0
post000178,u00339,s004,2025-03-10T04:12:07,0,0,3,9,2
post000179,u00096,s007,2025-03-10T04:43:44,0,0,1,12,2
post000180,u00276,s006,2025-03-10T04:56:03,0,2,1,12,0
post000181,u00120,s009,2025-03-10T06:13:59,0,0,1,16,3
post000182,u00159,s004,2025-03-10T06:39:42,0,2,0,15,0
post000183,u00268,s008,2025-03-10T06:50:39,0,1,4,11,5
post000184,u00120,s004,2025-03-10T08:27:12,0,1,2,11,3
post000185,u00129,s005,2025-03-10T08:46:27,0,1,1,6,0
post000186,u00185,s004,2025-03-10T09:41:58,0,0,1,12,2
post000187,u00052,s008,2025-03-10T10:01:06,0,0,2,8,1
post000188,u00006,s004,2025-03-10T10:20:42,0,0,1,9,0
post000189,u00098,s011,2025-03-10T10:34:45,1,0,2,16,2
post000190,u00259,s005,2025-03-10T10:58:28,0,0,1,8,1
post000191,u00031,s004,2025-03-10T11:29:21,0,0,2,11,1
post000192,u00048,s000,2025-03-10T12:17:10,0,1,1,13,1
post000193,u00349,s004,2025-03-10T13:39:38,1,0,2,12,1
post000194,u00037,s011,2025-03-10T14:17:26,0,0,1,11,2
post000195,u00339,s010,2025-03-10T14:42:10,0,0,0,11,0
post000196,u00197,s006,2025-03-10T14:52:36,1,1,1,8,0
post000197,u00067,s005,2025-03-10T14:53:32,1,1,1,12,0
post000198,u00349,s008,2025-03-10T15:08:43,0,0,2,12,0
post000199,u00384,s011,2025-03-10T15:47:29,0,0,5,14,2
post000200,u00196,s009,2025-03-10T16:00:32,0,0,2,11,1
post000201,u00383,s008,2025-03-10T16:09:04,0,1,0,19,0
post000202,u00006,s006,2025-03-10T16:47:43,0,0,1,9,1
post000203,u00225,s004,2025-03-10T17:07:01,0,1,0,16,0
post000204,u00192,s011,2025-03-10T17:33:12,0,0,3,13,2
post000205,u00185,s010,2025-03-10T18:26:55,0,1,1,6,2
post000206,u00133,s004,2025-03-10T20:18:09,0,0,1,11,0
post000207,u00256,s003,2025-03-11T00:10:34,0,0,1,12,0
post000208,u00006,s006,2025-03-11T00:20:27,0,0,1,16,1
post000209,u00282,s010,2025-03-11T02:04:58,0,1,1,14,0
post000210,u00006,s006,2025-03-11T04:18:36,0,0,5,6,1
post000211,u00304,s009,2025-03-11T04:54:48,0,1,1,16,0
post000212,u00187,s005,2025-03-11T05:40:27,1,1,3,14,3
post000213,u00060,s011,2025-03-11T06:13:13,1,0,3,14,1
post000214,u00114,s004,2025-03-11T07:33:56,0,2,2,12,1
post000215,u00265,s008,2025-03-11T08:08:18,0,0,4,17,2
post000216,u00209,s006,2025-03-11T08:25:03,0,0,1,13,1
post000217,u00196,s004,2025-03-11T08:37:46,1,0,4,11,7
post000218,u00380,s010,2025-03-11T08:38:07,1,0,1,15,4
post000219,u00196,s009,2025-03-11T08:48:08,0,1,1,14,0
post000220,u00006,s006,2025-03-11T09:22:08,1,0,1,17,0
post000221,u00154,s011,2025-03-11T09:26:49,0,0,1,9,1
post000222,u00185,s004,2025-03-11T10:19:12,0,1,2,13,0
post000223,u00308,s000,2025-03-11T10:28:03,0,0,1,15,2
post000224,u00080,s005,2025-03-11T10:31:15,0,2,2,14,0
post000225,u00211,s010,2025-03-11T10:40:05,0,0,2,13,2
post000226,u00146,s008,2025-03-11T10:51:24,0,1,3,5,4
post000227,u00196,s009,2025-03-11T11:32:10,1,0,1,11,0
post000228,u00344,s004,2025-03-11T11:50:03,0,0,3,15,1
post000229,u00294,s007,2025-03-11T12:04:01,0,1,1,8,1
post000230,u00337,s007,2025-03-11T12:51:04,0,0,2,17,1
post000231,u00196,s005,2025-03-11T14:12:54,0,0,3,11,1
post000232,u00159,s010,2025-03-11T14:37:52,0,1,3,14,3
post000233,u00185,s010,2025-03-11T15:00:41,0,0,1,16,0
post000234,u00235,s006,2025-03-11T15:18:08,1,0,2,15,2
post000235,u00211,s004,2025-03-11T15:26:02,0,0,4,10,6
post000236,u00276,s006,2025-03-11T15:45:33,0,2,1,12,1
post000237,u00128,s011,2025-03-11T16:05:47,1,1,2,15,5
post000238,u00344,s010,2025-03-11T16:38:52,0,1,2,15,0
post000239,u00326,s003,2025-03-11T16:52:36,0,0,0,13,0
post000240,u00185,s004,2025-03-11T18:55:00,0,1,0,13,0
post000241,u00046,s003,2025-03-11T20:41:46,0,1,3,14,2
post000242,u00317,s010,2025-03-11T20:54:16,0,1,3,13,1
post000243,u00098,s005,2025-03-11T21:49:42,1,0,3,20,1
post000244,u00120,s009,2025-03-11T23:47:13,0,0,1,27,0
post000245,u00037,s005,2025-03-12T03:45:00,0,2,3,10,2
post000246,u00159,s004,2025-03-12T05:49:50,0,0,0,9,0
post000247,u00235,s010,2025-03-12T07:42:25,0,1,0,17,0
post000248,u00308,s001,2025-03-12T08:14:10,0,0,2,10,1
post000249,u00006,s004,2025-03-12T08:39:47,0,1,1,13,1
post000250,u00168,s005,2025-03-12T09:06:41,0,2,5,12,6
post000251,u00006,s004,2025-03-12T10:16:02,0,1,1,17,1
post000252,u00387,s006,2025-03-12T10:19:28,0,0,1,21,1
post000253,u00052,s008,2025-03-12T10:22:44,0,0,2,17,0
post000254,u00352,s010,2025-03-12T10:29:59,1,0,0,14,0
post000255,u00382,s004,2025-03-12T11:02:09,0,0,2,20,2
post000256,u00195,s006,2025-03-12T11:07:50,0,0,0,19,0
post000257,u00265,s001,2025-03-12T11:24:20,0,1,3,16,2
post000258,u00187,s010,2025-03-12T13:01:57,1,0,3,10,1
post000259,u00023,s009,2025-03-12T13:17:30,0,1,2,11,3
post000260,u00196,s004,2025-03-12T13:36:15,0,0,0,19,0
post000261,u00159,s006,2025-03-12T14:35:46,0,1,2,13,1
post000262,u00381,s006,2025-03-12T15:54:28,0,0,3,17,4
post000263,u00185,s010,2025-03-12T18:53:27,1,1,3,14,2
post000264,u00090,s006,2025-03-12T20:20:23,0,1,3,11,1
post000265,u00061,s009,2025-03-13T00:23:11,1,1,4,18,3
post000266,u00067,s005,2025-03-13T00:34:43,1,0,2,17,1
post000267,u00032,s005,2025-03-13T01:01:09,0,1,3,17,1
post000268,u00024,s010,2025-03-13T01:41:40,0,1,0,18,0
post000269,u00308,s000,2025-03-13T02:24:45,0,0,3,11,3
post000270,u00185,s004,2025-03-13T02:55:29,0,0,0,20,0
post000271,u00221,s005,2025-03-13T03:29:07,0,0,4,24,1
post000272,u00260,s005,2025-03-13T05:03:42,0,0,2,18,1
post000273,u00098,s010,2025-03-13T08:13:31,0,0,1,18,0
post000274,u00046,s000,2025-03-13T08:15:15,0,1,1,19,1
post000275,u00235,s005,2025-03-13T08:39:55,0,2,4,16,3
post000276,u00118,s010,2025-03-13T09:41:12,0,0,1,13,0
post000277,u00225,s007,2025-03-13T09:52:54,0,1,1,22,2
post000278,u00308,s002,2025-03-13T10:13:12,0,1,0,20,0
post000279,u00221,s011,2025-03-13T10:14:21,0,1,2,16,1
post000280,u00185,s004,2025-03-13T10:21:28,0,0,4,18,3
post000281,u00163,s006,2025-03-13T10:34:17,0,0,3,12,3
post000282,u00006,s004,2025-03-13T10:56:48,0,1,3,11,1
post000283,u00192,s011,2025-03-13T11:20:27,0,0,1,12,3
post000284,u00011,s007,2025-03-13T11:54:22,0,0,1,18,1
post000285,u00023,s006,2025-03-13T12:08:59,0,0,1,17,1
post000286,u00174,s008,2025-03-13T12:44:27,1,0,4,14,4
post000287,u00205,s011,2025-03-13T13:02:44,0,2,1,23,0
post000288,u00265,s001,2025-03-13T13:53:09,1,0,1,17,1
post000289,u00120,s009,2025-03-13T15:56:56,0,0,0,14,0
post000290,u00326,s003,2025-03-13T18:15:49,0,1,1,12,0
post000291,u00260,s008,2025-03-13T18:18:20,0,0,5,25,5
post000292,u00192,s005,2025-03-13T18:29:45,0,0,1,18,0
post000293,u00032,s005,2025-03-13T19:16:45,0,0,4,13,4
post000294,u00023,s004,2025-03-13T19:45:12,0,0,2,21,2
post000295,u00225,s007,2025-03-13T19:46:58,0,0,0,11,0
post000296,u00192,s005,2025-03-13T20:24:45,0,0,3,16,3
post000297,u00174,s008,2025-03-13T21:44:03,0,1,6,26,2
post000298,u00146,s008,2025-03-13T21:59:43,1,0,2,16,0
post000299,u00276,s006,2025-03-14T00:50:19,1,0,2,14,1
post000300,u00211,s006,2025-03-14T02:53:16,1,0,3,17,4
post000301,u00192,s005,2025-03-14T07:40:28,1,1,2,16,1
post000302,u00256,s000,2025-03-14T08:06:32,0,1,1,16,0
post000303,u00196,s009,2025-03-14T08:59:58,1,0,0,12,0
post000304,u00225,s009,2025-03-14T09:27:17,0,0,5,21,6
post000305,u00209,s010,2025-03-14T10:27:03,0,0,2,21,0
post000306,u00265,s007,2025-03-14T10:41:03,0,1,2,22,0
post000307,u00128,s010,2025-03-14T10:58:30,0,0,4,14,5
post000308,u00308,s002,2025-03-14T11:08:45,0,2,0,20,0
post000309,u00103,s007,2025-03-14T11:25:36,1,0,3,12,2
post000310,u00166,s008,2025-03-14T11:32:33,0,1,0,19,0
post000311,u00256,s000,2025-03-14T11:51:45,0,0,1,16,0
post000312,u00174,s004,2025-03-14T12:12:04,1,1,2,16,0
post000313,u00344,s007,2025-03-14T12:39:36,0,0,1,19,1
post000314,u00231,s004,2025-03-14T14:31:42,1,1,0,14,0
post000315,u00276,s006,2025-03-14T15:50:51,0,1,2,15,0
post000316,u00096,s010,2025-03-14T16:22:52,1,1,2,15,2
post000317,u00352,s010,2025-03-14T20:12:28,0,1,1,12,0
post000318,u00046,s007,2025-03-14T23:49:16,0,0,2,15,1
post000319,u00209,s010,2025-03-15T01:55:06,0,2,3,17,0
post000320,u00235,s011,2025-03-15T05:20:12,0,0,2,11,1
post000321,u00249,s010,2025-03-15T05:51:36,0,0,2,10,1
post000322,u00260,s004,2025-03-15T06:27:19,0,0,2,19,2
post000323,u00003,s002,2025-03-15T08:43:52,0,1,2,9,2
post000324,u00209,s006,2025-03-15T10:21:02,1,2,1,8,1
post000325,u00383,s004,2025-03-15T10:33:50,0,0,3,17,1
post000326,u00260,s008,2025-03-15T10:45:00,0,0,0,17,0
post000327,u00098,s005,2025-03-15T12:11:44,0,1,5,10,7
post000328,u00380,s004,2025-03-15T12:47:39,0,1,0,11,0
post000329,u00174,s008,2025-03-15T13:43:49,0,1,3,13,1
post000330,u00098,s010,2025-03-15T15:09:22,0,0,1,12,3
post000331,u00098,s005,2025-03-15T15:32:55,0,0,1,18,0
post000332,u00209,s006,2025-03-15T17:22:57,0,0,3,21,1
post000333,u00174,s004,2025-03-15T17:45:47,0,2,2,20,1
post000334,u00260,s011,2025-03-15T20:39:10,0,0,1,19,0
post000335,u00120,s010,2025-03-15T20:50:33,1,0,4,14,4
post000336,u00230,s011,2025-03-15T23:41:53,0,0,1,14,0
post000337,u00051,s008,2025-03-16T02:40:06,1,1,0,11,0
post000338,u00174,s010,2025-03-16T05:35:56,1,1,2,14,4
post000339,u00372,s004,2025-03-16T08:54:38,0,0,0,17,0
post000340,u00339,s007,2025-03-16T09:27:56,0,1,0,15,0
post000341,u00352,s010,2025-03-16T11:04:44,0,1,3,17,2
post000342,u00174,s010,2025-03-16T11:24:58,0,2,2,14,4
post000343,u00276,s006,2025-03-16T12:20:18,0,1,3,16,1
post000344,u00235,s005,2025-03-16T12:56:15,1,0,0,18,0
post000345,u00051,s007,2025-03-16T14:15:49,0,0,4,9,2
post000346,u00276,s006,2025-03-16T14:36:06,0,0,1,14,0
post000347,u00224,s005,2025-03-16T15:09:27,0,0,0,11,0
post000348,u00096,s005,2025-03-16T15:25:53,0,0,1,11,0
post000349,u00235,s008,2025-03-16T15:38:14,1,1,1,16,1
post000350,u00048,s001,2025-03-16T17:59:00,0,0,0,9,0
post000351,u00187,s005,2025-03-16T18:46:38,1,0,0,13,0
post000352,u00187,s011,2025-03-16T19:38:58,0,0,2,8,0
post000353,u00235,s011,2025-03-16T20:58:32,0,0,0,14,0
post000354,u00046,s007,2025-03-17T02:38:29,0,0,1,14,0
post000355,u00117,s003,2025-03-17T04:28:34,1,1,2,8,1
post000356,u00114,s008,2025-03-17T04:52:52,1,0,0,17,0
post000357,u00352,s011,2025-03-17T08:07:13,0,0,2,13,3
post000358,u00354,s010,2025-03-17T09:20:21,0,1,1,13,0
post000359,u00114,s004,2025-03-17T09:28:01,0,1,1,11,1
post000360,u00205,s010,2025-03-17T11:05:22,0,1,0,13,0
post000361,u00042,s004,2025-03-17T12:37:41,0,1,1,17,2
post000362,u00096,s005,2025-03-17T13:45:01,1,0,5,17,4
post000363,u00159,s006,2025-03-17T16:26:47,0,0,3,7,1
post000364,u00282,s006,2025-03-17T16:41:47,0,2,3,9,4
post000365,u00159,s004,2025-03-17T16:43:14,0,0,3,13,6
post000366,u00267,s010,2025-03-17T17:55:35,0,2,2,12,3
post000367,u00032,s011,2025-03-17T20:04:38,1,0,1,13,0
post000368,u00006,s011,2025-03-17T22:56:50,0,1,1,14,0
post000369,u00321,s008,2025-03-17T23:45:03,0,0,1,18,4
post000370,u00360,s011,2025-03-18T02:09:10,0,0,2,17,3
post000371,u00102,s010,2025-03-18T02:29:43,0,0,3,10,2
post000372,u00185,s004,2025-03-18T03:04:11,0,1,0,7,0
post000373,u00096,s007,2025-03-18T03:27:13,0,0,4,9,4
post000374,u00096,s004,2025-03-18T04:11:36,0,0,2,14,0
post000375,u00146,s006,2025-03-18T05:18:01,0,0,2,11,2
post000376,u00263,s008,2025-03-18T05:27:58,0,0,3,7,4
post000377,u00265,s003,2025-03-18T06:23:46,0,0,1,15,0
post000378,u00352,s010,2025-03-18T06:45:06,1,1,1,15,1
post000379,u00052,s005,2025-03-18T08:26:15,0,0,1,6,0
post000380,u00308,s006,2025-03-18T08:26:39,0,2,1,13,1
post000381,u00199,s010,2025-03-18T09:01:32,0,1,4,10,2
post000382,u00341,s004,2025-03-18T09:22:42,0,0,0,10,0
post000383,u00146,s006,2025-03-18T09:27:16,0,0,0,8,0
post000384,u00195,s006,2025-03-18T10:14:45,0,0,3,14,3
post000385,u00339,s004,2025-03-18T10:26:13,1,2,0,19,0
post000386,u00352,s005,2025-03-18T12:03:20,0,0,2,16,4
post000387,u00003,s002,2025-03-18T12:46:07,1,0,0,13,0
post000388,u00129,s005,2025-03-18T12:51:10,0,1,2,12,2
post000389,u00339,s009,2025-03-18T12:57:43,0,0,0,6,0
post000390,u00037,s005,2025-03-18T12:58:42,0,0,0,6,0
post000391,u00326,s008,2025-03-18T13:02:24,0,1,3,10,4
post000392,u00265,s008,2025-03-18T13:33:36,0,1,3,9,2
post000393,u00339,s004,2025-03-18T13:38:23,0,2,1,14,1
post000394,u00175,s008,2025-03-18T14:06:43,0,0,3,17,2
post000395,u00096,s005,2025-03-18T14:37:10,0,0,1,9,0
post000396,u00235,s008,2025-03-18T14:41:19,0,0,4,9,3
post000397,u00114,s004,2025-03-18T15:02:16,0,0,1,11,1
post000398,u00037,s005,2025-03-18T15:39:44,1,0,0,9,0
post000399,u00020,s004,2025-03-18T16:43:49,0,0,1,19,1
post000400,u00256,s000,2025-03-18T16:44:11,0,1,1,14,0
post000401,u00339,s007,2025-03-18T16:54:04,0,1,3,14,3
post000402,u00097,s000,2025-03-18T17:54:06,0,0,0,16,0
post000403,u00339,s009,2025-03-18T18:02:33,0,0,2,12,1
post000404,u00103,s004,2025-03-18T19:08:47,1,1,2,14,2
post000405,u00289,s010,2025-03-18T19:27:31,0,1,4,17,5
post000406,u00380,s007,2025-03-18T19:42:09,0,0,0,13,0
post000407,u00268,s010,2025-03-18T19:50:37,0,0,1,13,1
post000408,u00209,s010,2025-03-18T20:47:06,0,0,0,11,0
post000409,u00159,s008,2025-03-18T22:32:06,0,0,1,13,3
post000410,u00120,s011,2025-03-18T23:09:12,0,0,1,23,0
post000411,u00023,s009,2025-03-18T23:22:27,0,0,1,10,0
post000412,u00187,s011,2025-03-19T00:52:06,0,1,2,11,2
post000413,u00290,s010,2025-03-19T03:22:47,0,0,1,14,1
post000414,u00351,s006,2025-03-19T04:25:58,0,0,3,19,0
post000415,u00037,s005,2025-03-19T04:59:52,0,1,2,18,3
post000416,u00174,s010,2025-03-19T05:07:05,0,0,0,15,0
post000417,u00185,s010,2025-03-19T05:17:51,0,0,3,14,1
post000418,u00205,s005,2025-03-19T09:01:40,0,0,4,13,4
post000419,u00205,s011,2025-03-19T09:40:54,0,0,1,20,2
post000420,u00225,s007,2025-03-19T10:23:01,0,0,0,15,0
post000421,u00159,s006,2025-03-19T10:33:09,0,0,3,17,4
post000422,u00380,s010,2025-03-19T10:39:47,0,1,2,14,1
post000423,u00006,s011,2025-03-19T10:53:44,1,0,2,8,0
post000424,u00385,s006,2025-03-19T11:23:32,0,0,1,17,1
post000425,u00114,s004,2025-03-19T11:27:11,0,1,3,14,1
post000426,u00187,s005,2025-03-19T11:58:15,0,0,1,14,0
post000427,u00023,s009,2025-03-19T11:59:01,0,1,1,12,0
post000428,u00046,s005,2025-03-19T12:46:41,0,0,4,19,3
post000429,u00272,s000,2025-03-19T13:02:01,0,0,2,17,3
post000430,u00023,s006,2025-03-19T13:18:47,0,0,1,19,1
post000431,u00192,s009,2025-03-19T13:28:40,0,0,1,12,0
post000432,u00196,s009,2025-03-19T13:32:49,1,0,2,18,1
post000433,u00260,s005,2025-03-19T13:46:05,0,1,2,14,0
post000434,u00326,s000,2025-03-19T14:31:08,0,0,0,18,0
post000435,u00212,s011,2025-03-19T16:26:24,0,0,2,13,0
post000436,u00205,s005,2025-03-19T19:59:31,0,0,2,23,3
post000437,u00225,s009,2025-03-19T21:43:31,0,0,0,23,0
post000438,u00067,s011,2025-03-19T22:51:55,0,0,3,16,4
post000439,u00380,s007,2025-03-20T00:07:52,0,0,2,12,1
post000440,u00131,s005,2025-03-20T02:41:51,0,1,1,14,1
post000441,u00146,s008,2025-03-20T08:35:22,0,1,2,14,1
post000442,u00192,s011,2025-03-20T08:39:12,1,0,1,13,0
post000443,u00305,s011,2025-03-20T08:51:25,0,0,4,16,3
post000444,u00031,s010,2025-03-20T09:12:28,1,0,1,23,1
post000445,u00127,s003,2025-03-20T09:32:53,0,0,3,14,2
post000446,u00023,s009,2025-03-20T09:38:52,0,0,3,11,3
post000447,u00196,s009,2025-03-20T10:16:01,0,0,1,15,1
post000448,u00326,s008,2025-03-20T10:19:07,0,0,4,14,5
post000449,u00390,s005,2025-03-20T10:52:03,0,0,3,16,3
post000450,u00042,s005,2025-03-20T11:02:06,0,1,3,13,1
post000451,u00192,s011,2025-03-20T12:01:45,0,1,1,15,0
post000452,u00242,s011,2025-03-20T12:28:52,1,1,1,19,1
post000453,u00294,s004,2025-03-20T12:52:22,0,0,2,21,4
post000454,u00243,s004,2025-03-20T13:55:35,0,1,2,14,2
post000455,u00000,s000,2025-03-20T14:18:01,0,0,3,12,1
post000456,u00185,s004,2025-03-20T14:59:59,0,1,1,20,1
post000457,u00380,s010,2025-03-20T15:04:20,0,1,1,16,0
post000458,u00185,s010,2025-03-20T15:53:18,0,0,2,11,2
post000459,u00240,s000,2025-03-20T21:18:59,0,0,2,13,8
post000460,u00108,s010,2025-03-20T23:14:06,1,0,6,24,7
post000461,u00255,s010,2025-03-21T00:04:26,1,2,6,16,5
post000462,u00114,s005,2025-03-21T01:31:24,0,1,3,12,2
post000463,u00090,s001,2025-03-21T02:24:03,1,0,0,14,0
post000464,u00265,s001,2025-03-21T02:48:30,0,0,1,11,0
post000465,u00037,s005,2025-03-21T04:16:40,0,0,3,11,2
post000466,u00298,s010,2025-03-21T08:01:39,0,1,3,15,1
post000467,u00094,s002,2025-03-21T08:43:46,1,1,1,18,1
post000468,u00159,s010,2025-03-21T08:48:57,0,0,3,14,2
post000469,u00258,s010,2025-03-21T09:04:36,0,2,1,18,2
post000470,u00326,s000,2025-03-21T09:15:13,0,0,2,16,0
post000471,u00034,s004,2025-03-21T09:23:21,0,0,1,18,3
post000472,u00337,s011,2025-03-21T09:54:15,0,0,1,21,1
post000473,u00120,s009,2025-03-21T10:33:36,0,0,1,22,3
post000474,u00339,s009,2025-03-21T11:10:00,0,0,2,12,2
post000475,u00067,s005,2025-03-21T11:32:09,0,0,3,16,2
post000476,u00157,s010,2025-03-21T11:48:23,0,0,2,19,2
post000477,u00046,s000,2025-03-21T11:52:59,0,0,0,24,0
post000478,u00174,s010,2025-03-21T13:07:35,0,2,5,10,4
post000479,u00344,s010,2025-03-21T13:09:15,0,0,3,19,3
post000480,u00052,s004,2025-03-21T13:12:44,0,0,2,26,2
post000481,u00098,s011,2025-03-21T14:02:26,0,0,1,15,0
post000482,u00196,s009,2025-03-21T14:45:21,1,1,1,9,0
post000483,u00069,s010,2025-03-21T18:33:11,0,0,2,10,0
post000484,u00098,s005,2025-03-21T19:56:26,0,0,3,21,3
post000485,u00235,s008,2025-03-21T21:20:41,0,0,2,23,2
post000486,u00114,s005,2025-03-22T01:01:53,0,0,2,24,2
post000487,u00108,s006,2025-03-22T03:55:58,0,1,2,14,3
post000488,u00098,s010,2025-03-22T07:52:22,1,0,2,16,0
post000489,u00126,s004,2025-03-22T07:56:32,0,0,1,19,2
post000490,u00371,s010,2025-03-22T08:28:38,0,2,2,19,2
post000491,u00339,s004,2025-03-22T09:09:11,0,0,1,23,1
post000492,u00313,s011,2025-03-22T09:13:53,0,0,3,17,2
post000493,u00276,s006,2025-03-22T09:59:35,0,1,1,12,1
post000494,u00120,s010,2025-03-22T11:27:05,0,1,2,10,3
post000495,u00299,s005,2025-03-22T11:44:36,0,0,3,18,5
post000496,u00288,s010,2025-03-22T13:51:30,1,0,3,17,6
post000497,u00071,s003,2025-03-22T15:08:15,0,2,3,11,2
post000498,u00135,s004,2025-03-22T16:07:17,0,0,4,17,3
post000499,u00071,s009,2025-03-22T18:07:51,0,0,5,18,3
post000500,u00123,s009,2025-03-22T23:29:58,0,0,2,16,1
post000501,u00187,s005,2025-03-23T00:14:27,0,1,1,12,1
post000502,u00340,s011,2025-03-23T03:17:50,0,0,2,14,3
post000503,u00114,s011,2025-03-23T06:43:58,0,0,4,8,3
post000504,u00006,s004,2025-03-23T09:01:02,1,0,1,13,1
post000505,u00281,s007,2025-03-23T11:08:46,0,0,3,21,1
post000506,u00006,s011,2025-03-23T11:30:32,0,0,2,10,1
post000507,u00193,s006,2025-03-23T14:03:56,1,1,3,8,1
post000508,u00114,s011,2025-03-23T15:54:14,0,1,0,16,0
post000509,u00192,s009,2025-03-23T15:57:42,0,0,3,9,3
post000510,u00020,s005,2025-03-23T16:45:16,1,1,3,21,3
post000511,u00146,s006,2025-03-23T20:09:20,0,1,1,12,0
post000512,u00188,s005,2025-03-24T00:44:49,0,0,1,18,1
post000513,u00187,s010,2025-03-24T01:15:26,0,2,3,11,4
post000514,u00205,s011,2025-03-24T01:53:29,1,1,4,16,4
post000515,u00052,s005,2025-03-24T02:43:32,0,0,1,11,2
post000516,u00032,s005,2025-03-24T02:48:59,0,1,5,12,3
post000517,u00023,s004,2025-03-24T03:23:32,0,0,1,11,2
post000518,u00249,s011,2025-03-24T07:25:59,0,0,2,12,0
post000519,u00067,s011,2025-03-24T07:37:09,0,1,0,22,0
post000520,u00026,s011,2025-03-24T08:55:08,0,0,1,10,0
post000521,u00188,s005,2025-03-24T09:01:31,0,0,4,15,2
post000522,u00051,s010,2025-03-24T09:21:04,0,0,4,11,4
post000523,u00225,s009,2025-03-24T09:23:10,0,0,1,11,1
post000524,u00359,s002,2025-03-24T09:48:37,0,0,3,17,3
post000525,u00339,s009,2025-03-24T10:15:54,0,0,2,13,3
post000526,u00272,s002,2025-03-24T10:35:37,0,0,3,13,0
post000527,u00326,s009,2025-03-24T11:34:20,0,0,2,5,2
post000528,u00142,s005,2025-03-24T12:42:13,0,0,2,16,1
post000529,u00052,s005,2025-03-24T13:45:09,0,0,3,11,1
post000530,u00197,s006,2025-03-24T14:39:17,0,0,3,15,3
post000531,u00000,s001,2025-03-24T16:01:52,0,0,1,15,0
post000532,u00380,s010,2025-03-24T16:02:20,0,0,1,8,0
post000533,u00086,s006,2025-03-24T16:42:11,0,0,2,20,3
post000534,u00098,s010,2025-03-24T18:29:18,0,1,1,13,1
post000535,u00174,s010,2025-03-24T18:58:50,1,1,3,10,1
post000536,u00066,s005,2025-03-25T00:48:23,0,0,0,14,0
post000537,u00265,s007,2025-03-25T01:00:47,0,0,1,16,1
post000538,u00326,s008,2025-03-25T01:25:15,0,1,1,12,1
post000539,u00037,s005,2025-03-25T03:45:31,1,0,1,8,0
post000540,u00265,s008,2025-03-25T04:05:26,0,0,3,21,4
post000541,u00129,s006,2025-03-25T05:05:14,0,0,1,18,1
post000542,u00032,s007,2025-03-25T07:10:19,0,2,5,17,6
post000543,u00276,s006,2025-03-25T07:23:28,0,0,3,16,0
post000544,u00260,s008,2025-03-25T07:37:16,0,0,2,14,1
post000545,u00254,s005,2025-03-25T07:44:47,0,0,0,18,0
post000546,u00265,s001,2025-03-25T08:13:02,0,0,2,18,4
post000547,u00308,s000,2025-03-25T08:35:38,0,0,9,14,7
post000548,u00048,s001,2025-03-25T09:19:46,0,1,1,16,0
post000549,u00339,s010,2025-03-25T10:08:26,0,1,4,13,4
post000550,u00225,s004,2025-03-25T10:27:51,0,0,0,18,0
post000551,u00250,s011,2025-03-25T10:32:10,0,1,2,24,3
post000552,u00260,s004,2025-03-25T10:56:31,0,0,1,24,1
post000553,u00244,s005,2025-03-25T11:09:42,0,0,0,16,0
post000554,u00308,s006,2025-03-25T11:51:34,0,0,3,19,4
post000555,u00156,s002,2025-03-25T12:19:48,0,0,3,22,3
post000556,u00174,s004,2025-03-25T12:31:06,0,0,2,10,1
post000557,u00225,s007,2025-03-25T13:25:15,0,1,2,11,2
post000558,u00277,s006,2025-03-25T13:29:12,0,2,1,12,2
post000559,u00259,s005,2025-03-25T13:39:13,0,1,3,10,2
post000560,u00187,s011,2025-03-25T14:55:32,0,0,1,19,1
post000561,u00090,s002,2025-03-25T15:42:19,0,0,1,20,0
post000562,u00344,s007,2025-03-25T16:00:04,0,0,0,18,0
post000563,u00185,s010,2025-03-25T17:19:41,1,0,1,20,0
post000564,u00159,s008,2025-03-25T17:38:30,0,0,1,17,0
post000565,u00125,s007,2025-03-25T21:31:27,1,0,2,14,6
post000566,u00308,s003,2025-03-25T21:48:01,0,0,1,17,4
post000567,u00174,s004,2025-03-25T22:48:40,1,0,2,12,0
post000568,u00006,s006,2025-03-25T23:22:47,1,2,1,14,1
post000569,u00185,s010,2025-03-26T00:04:07,0,0,1,16,0
post000570,u00376,s005,2025-03-26T00:15:12,0,0,5,21,3
post000571,u00096,s010,2025-03-26T00:26:03,1,0,1,17,1
post000572,u00046,s003,2025-03-26T03:38:53,0,0,2,16,1
post000573,u00335,s011,2025-03-26T05:16:20,0,0,2,18,0
post000574,u00187,s005,2025-03-26T05:57:06,0,0,0,13,0
post000575,u00344,s004,2025-03-26T06:11:40,0,0,0,16,0
post000576,u00039,s004,2025-03-26T06:28:31,0,0,1,14,1
post000577,u00362,s005,2025-03-26T08:02:12,0,1,0,22,0
post000578,u00037,s011,2025-03-26T08:56:29,0,1,2,19,4
post000579,u00125,s010,2025-03-26T09:06:33,1,0,3,19,2
post000580,u00383,s005,2025-03-26T09:22:52,0,1,2,14,0
post000581,u00272,s008,2025-03-26T10:30:35,0,1,5,19,5
post000582,u00245,s004,2025-03-26T10:38:23,0,0,1,23,0
post000583,u00147,s011,2025-03-26T11:04:12,0,0,5,16,2
post000584,u00006,s006,2025-03-26T11:42:37,0,0,4,19,3
post000585,u00006,s011,2025-03-26T12:05:09,1,1,0,19,0
post000586,u00331,s008,2025-03-26T13:03:08,0,0,1,13,2
post000587,u00037,s011,2025-03-26T13:11:42,0,0,2,16,0
post000588,u00159,s004,2025-03-26T15:31:37,0,0,1,17,1
post000589,u00192,s005,2025-03-26T16:06:53,0,0,2,24,3
post000590,u00098,s010,2025-03-26T17:48:47,0,1,2,14,4
post000591,u00120,s004,2025-03-26T21:45:37,0,0,6,15,6
post000592,u00196,s004,2025-03-26T22:54:57,0,0,1,11,3
post000593,u00046,s005,2025-03-27T01:05:52,0,1,3,17,4
post000594,u00174,s010,2025-03-27T02:22:13,0,0,2,19,1
post000595,u00067,s011,2025-03-27T05:45:29,0,1,2,12,0
post000596,u00187,s010,2025-03-27T06:36:40,1,1,2,11,1
post000597,u00187,s004,2025-03-27T07:59:38,0,0,4,11,2
post000598,u00282,s006,2025-03-27T10:23:06,0,0,1,16,1
post000599,u00205,s011,2025-03-27T10:48:40,0,0,0,12,0
post000600,u00187,s005,2025-03-27T10:56:39,0,2,0,5,0
post000601,u00339,s007,2025-03-27T12:22:33,0,1,2,12,1
post000602,u00000,s003,2025-03-27T13:38:08,0,0,0,14,0
post000603,u00260,s010,2025-03-27T14:03:48,0,0,2,12,0
post000604,u00120,s010,2025-03-27T14:48:21,0,0,1,12,1
post000605,u00343,s006,2025-03-27T14:54:57,0,0,6,17,5
post000606,u00233,s010,2025-03-27T15:02:55,0,0,2,13,0
post000607,u00055,s004,2025-03-27T15:48:51,0,0,1,17,1
post000608,u00067,s005,2025-03-27T16:06:21,0,2,3,7,2
post000609,u00343,s006,2025-03-27T16:19:47,0,0,4,16,3
post000610,u00381,s006,2025-03-27T16:43:22,0,0,1,18,0
post000611,u00187,s011,2025-03-27T16:47:46,0,0,0,12,0
post000612,u00187,s010,2025-03-27T17:57:26,0,0,1,20,0
post000613,u00326,s011,2025-03-27T20:02:07,0,0,2,15,2
post000614,u00006,s004,2025-03-28T00:04:59,0,0,2,10,1
post000615,u00240,s007,2025-03-28T00:20:37,1,0,1,10,0
post000616,u00096,s010,2025-03-28T00:40:52,1,1,3,13,2
post000617,u00023,s004,2025-03-28T00:51:20,0,0,0,13,0
post000618,u00196,s009,2025-03-28T04:02:30,0,1,0,16,0
post000619,u00188,s011,2025-03-28T07:12:24,0,0,1,12,1
post000620,u00380,s007,2025-03-28T07:51:56,1,1,2,9,4
post000621,u00015,s009,2025-03-28T08:34:54,0,0,3,15,1
post000622,u00114,s004,2025-03-28T09:07:17,0,0,0,22,0
post000623,u00326,s008,2025-03-28T10:29:46,0,0,1,12,0
post000624,u00256,s004,2025-03-28T10:36:21,0,2,2,11,4
post000625,u00187,s005,2025-03-28T10:37:05,0,0,1,14,1
post000626,u00344,s004,2025-03-28T10:45:06,0,0,3,15,6
post000627,u00339,s007,2025-03-28T10:56:16,0,0,2,15,2
post000628,u00085,s005,2025-03-28T11:07:17,0,2,2,12,0
post000629,u00009,s004,2025-03-28T11:36:40,0,1,2,11,1
post000630,u00146,s006,2025-03-28T12:01:10,0,0,2,17,2
post000631,u00205,s011,2025-03-28T12:22:34,0,0,3,9,4
post000632,u00250,s005,2025-03-28T13:28:18,0,0,1,21,1
post000633,u00013,s010,2025-03-28T13:57:39,0,1,3,12,1
post000634,u00006,s011,2025-03-28T14:04:47,1,0,1,11,2
post000635,u00117,s009,2025-03-28T14:23:52,0,0,3,16,3
post000636,u00308,s002,2025-03-28T14:54:25,0,0,0,15,0
post000637,u00197,s010,2025-03-28T15:38:44,0,0,1,13,0
post000638,u00326,s009,2025-03-28T16:14:01,0,0,1,17,1
post000639,u00225,s009,2025-03-28T16:57:17,0,0,2,18,1
post000640,u00256,s001,2025-03-28T19:50:19,0,0,1,7,1
post000641,u00360,s010,2025-03-28T21:07:03,1,0,1,13,0
post000642,u00159,s010,2025-03-28T21:13:56,0,0,4,13,0
post000643,u00276,s006,2025-03-29T04:18:50,0,2,2,7,1
post000644,u00185,s010,2025-03-29T08:20:34,0,0,4,13,1
post000645,u00205,s005,2025-03-29T09:39:49,0,0,1,14,1
post000646,u00358,s005,2025-03-29T09:54:03,0,0,2,10,0
post000647,u00235,s011,2025-03-29T11:17:49,1,1,0,13,0
post000648,u00205,s005,2025-03-29T11:54:07,0,0,2,14,3
post000649,u00067,s005,2025-03-29T12:11:57,0,0,2,17,2
post000650,u00163,s007,2025-03-29T12:55:52,0,0,2,11,2
post000651,u00283,s009,2025-03-29T12:56:48,0,1,1,15,0
post000652,u00192,s009,2025-03-29T13:01:01,0,0,3,21,3
post000653,u00187,s011,2025-03-29T13:02:12,0,0,5,15,4
post000654,u00124,s006,2025-03-29T13:10:00,0,1,7,20,9
post000655,u00359,s009,2025-03-29T14:12:20,0,1,1,14,1
post000656,u00030,s010,2025-03-29T16:06:27,0,0,3,17,3
post000657,u00276,s006,2025-03-29T19:30:46,0,0,1,14,0
post000658,u00344,s007,2025-03-29T20:49:23,0,0,1,18,1
post000659,u00098,s010,2025-03-29T21:51:52,0,1,3,11,5
post000660,u00187,s004,2025-03-29T22:02:00,0,2,4,15,5
post000661,u00047,s009,2025-03-29T22:55:32,0,0,1,13,0
post000662,u00067,s011,2025-03-30T04:06:23,1,0,1,21,0
post000663,u00322,s007,2025-03-30T08:26:10,0,1,2,13,1
post000664,u00352,s006,2025-03-30T09:16:09,1,0,1,11,0
post000665,u00114,s005,2025-03-30T10:36:30,0,0,5,13,3
post000666,u00337,s011,2025-03-30T11:47:34,0,0,2,14,3
post000667,u00042,s010,2025-03-30T14:29:35,0,2,2,12,1
post000668,u00185,s010,2025-03-30T14:37:01,0,3,3,16,2
post000669,u00260,s008,2025-03-30T14:58:14,0,0,2,14,0
post000670,u00154,s004,2025-03-30T17:55:26,0,0,1,16,0
post000671,u00185,s004,2025-03-30T19:11:26,0,1,5,16,7
post000672,u00185,s010,2025-03-30T21:59:53,0,0,3,13,2
post000673,u00325,s006,2025-03-30T23:29:33,0,0,1,23,0
post000674,u00225,s009,2025-03-30T23:38:09,1,0,2,18,1
post000675,u00174,s004,2025-03-31T00:09:04,0,0,1,13,1
post000676,u00024,s005,2025-03-31T00:50:56,0,0,4,13,2
post000677,u00308,s007,2025-03-31T00:55:53,0,0,4,8,2
post000678,u00174,s004,2025-03-31T01:06:10,1,0,1,14,0
post000679,u00032,s009,2025-03-31T02:03:21,1,1,1,14,1
post000680,u00032,s009,2025-03-31T02:56:06,0,0,0,16,0
post000681,u00197,s004,2025-03-31T05:27:14,0,3,4,16,2
post000682,u00260,s011,2025-03-31T07:58:07,0,1,3,18,5
post000683,u00185,s010,2025-03-31T08:22:27,0,0,2,20,1
post000684,u00185,s004,2025-03-31T08:23:06,0,1,2,16,0
post000685,u00254,s001,2025-03-31T09:39:02,0,3,2,13,0
post000686,u00308,s002,2025-03-31T10:07:34,0,1,5,19,5
post000687,u00308,s000,2025-03-31T10:11:18,1,0,3,12,6
post000688,u00196,s009,2025-03-31T10:23:47,0,1,1,13,0
post000689,u00329,s008,2025-03-31T10:57:07,0,0,3,14,3
post000690,u00308,s002,2025-03-31T13:59:17,0,2,1,17,1
post000691,u00380,s010,2025-03-31T14:37:15,1,0,2,17,1
post000692,u00114,s004,2025-03-31T14:38:00,0,0,4,13,2
post000693,u00352,s005,2025-03-31T15:25:45,0,0,1,16,0
post000694,u00352,s007,2025-03-31T15:47:27,0,0,2,8,0
post000695,u00098,s005,2025-03-31T17:45:53,0,1,0,13,0
post000696,u00046,s002,2025-03-31T18:36:00,0,0,1,13,1
post000697,u00096,s007,2025-03-31T23:55:24,0,0,0,17,0
post000698,u00196,s010,2025-04-01T00:02:15,0,1,2,10,2
post000699,u00380,s007,2025-04-01T00:35:44,0,0,0,5,0
post000700,u00329,s004,2025-04-01T01:49:21,0,0,4,11,2
post000701,u00052,s004,2025-04-01T02:29:45,0,1,3,13,3
post000702,u00326,s001,2025-04-01T03:29:16,0,0,2,16,3
post000703,u00394,s010,2025-04-01T04:03:15,0,0,4,12,5
post000704,u00067,s005,2025-04-01T06:53:58,1,0,3,18,5
post000705,u00222,s008,2025-04-01T08:09:00,0,1,1,11,1
post000706,u00052,s005,2025-04-01T08:18:29,0,0,3,16,2
post000707,u00030,s004,2025-04-01T09:28:39,0,0,1,15,0
post000708,u00185,s010,2025-04-01T10:51:19,0,1,2,15,2
post000709,u00276,s006,2025-04-01T12:26:03,0,0,3,16,2
post000710,u00225,s004,2025-04-01T14:05:26,0,1,2,11,0
post000711,u00132,s004,2025-04-01T14:20:27,0,1,2,9,2
post000712,u00174,s010,2025-04-01T15:08:14,0,0,3,11,5
post000713,u00380,s004,2025-04-01T15:12:26,0,0,1,14,1
post000714,u00196,s005,2025-04-01T17:28:13,0,0,1,11,3
post000715,u00383,s005,2025-04-01T19:08:35,0,0,1,8,0
post000716,u00352,s011,2025-04-01T19:26:14,0,1,4,14,3
post000717,u00046,s002,2025-04-01T19:29:31,0,0,2,13,2
post000718,u00260,s010,2025-04-01T19:56:26,1,0,0,8,0
post000719,u00326,s001,2025-04-01T20:31:07,0,0,4,11,4
post000720,u00322,s007,2025-04-01T22:24:35,0,1,2,13,1
post000721,u00265,s008,2025-04-01T22:42:44,0,0,0,10,0
post000722,u00126,s008,2025-04-02T04:12:41,1,1,3,16,1
post000723,u00148,s008,2025-04-02T04:14:23,0,1,4,10,3
post000724,u00352,s011,2025-04-02T06:35:46,0,2,3,10,1
post000725,u00352,s011,2025-04-02T07:59:07,0,0,0,4,0
post000726,u00024,s004,2025-04-02T08:09:05,0,0,3,15,4
post000727,u00185,s004,2025-04-02T08:37:27,1,0,3,6,4
post000728,u00083,s006,2025-04-02T08:41:14,0,1,1,17,0
post000729,u00225,s010,2025-04-02T08:42:47,0,1,0,19,0
post000730,u00041,s011,2025-04-02T08:51:21,0,1,2,15,3
post000731,u00352,s005,2025-04-02T09:27:58,0,0,1,20,0
post000732,u00326,s001,2025-04-02T10:30:37,0,1,1,16,0
post000733,u00339,s010,2025-04-02T10:33:23,0,0,1,8,0
post000734,u00032,s006,2025-04-02T10:52:28,0,0,4,17,8
post000735,u00006,s004,2025-04-02T11:01:29,0,2,1,23,0
post000736,u00006,s011,2025-04-02T11:49:52,0,0,2,9,4
post000737,u00046,s007,2025-04-02T12:36:12,1,2,0,17,0
post000738,u00339,s004,2025-04-02T12:43:04,0,0,4,9,6
post000739,u00032,s009,2025-04-02T12:50:23,0,0,2,10,1
post000740,u00006,s004,2025-04-02T12:57:06,0,0,0,9,0
post000741,u00185,s010,2025-04-02T13:06:56,0,0,2,14,7
post000742,u00308,s003,2025-04-02T14:51:29,0,0,3,4,2
post000743,u00090,s005,2025-04-02T15:36:18,0,0,2,10,0
post000744,u00352,s006,2025-04-02T15:50:22,1,0,1,9,0
post000745,u00352,s011,2025-04-02T16:30:12,0,0,0,14,0
post000746,u00067,s011,2025-04-02T17:54:36,0,1,2,17,3
post000747,u00006,s006,2025-04-02T18:01:26,0,2,2,22,1
post000748,u00265,s002,2025-04-02T18:11:44,1,0,3,19,4
post000749,u00100,s000,2025-04-02T18:42:22,1,0,4,23,3
post000750,u00170,s011,2025-04-02T19:09:31,1,1,2,14,4
post000751,u00352,s006,2025-04-02T20:18:52,1,0,1,13,0
post000752,u00225,s007,2025-04-02T21:19:57,0,0,1,8,2
post000753,u00003,s011,2025-04-02T22:12:25,0,1,3,20,1
post000754,u00192,s011,2025-04-03T00:26:37,0,1,1,16,0
post000755,u00187,s010,2025-04-03T00:46:59,0,0,1,10,0
post000756,u00335,s001,2025-04-03T01:11:55,0,0,3,16,3
post000757,u00096,s004,2025-04-03T01:36:44,1,0,3,16,2
post000758,u00096,s005,2025-04-03T02:57:48,0,0,2,17,3
post000759,u00146,s010,2025-04-03T03:38:06,0,0,0,16,0
post000760,u00006,s004,2025-04-03T05:54:00,0,1,6,12,2
post000761,u00333,s006,2025-04-03T08:45:56,0,0,4,17,7
post000762,u00288,s004,2025-04-03T09:30:16,0,1,3,19,4
post000763,u00272,s005,2025-04-03T10:08:36,0,0,2,18,2
post000764,u00256,s003,2025-04-03T11:33:37,0,0,1,15,1
post000765,u00339,s009,2025-04-03T11:54:49,0,0,1,18,0
post000766,u00260,s008,2025-04-03T12:14:48,0,0,4,14,4
post000767,u00006,s006,2025-04-03T12:36:13,0,1,4,9,2
post000768,u00186,s006,2025-04-03T12:39:27,0,0,4,14,4
post000769,u00337,s010,2025-04-03T12:52:10,0,0,0,10,0
post000770,u00024,s005,2025-04-03T12:56:42,0,1,1,14,3
post000771,u00282,s010,2025-04-03T14:19:16,0,0,0,20,0
post000772,u00114,s008,2025-04-03T15:47:50,0,2,1,14,0
post000773,u00357,s009,2025-04-03T16:02:55,1,0,0,10,0
post000774,u00067,s005,2025-04-03T16:08:13,0,1,1,17,1
post000775,u00339,s007,2025-04-03T19:42:00,0,0,0,11,0
post000776,u00137,s004,2025-04-03T20:20:37,0,0,1,21,1
post000777,u00174,s004,2025-04-03T20:20:40,0,0,3,14,0
post000778,u00114,s004,2025-04-03T21:12:33,0,0,2,15,3
post000779,u00096,s010,2025-04-03T22:34:36,0,1,0,11,0
post000780,u00256,s001,2025-04-03T23:27:58,0,0,6,18,5
post000781,u00304,s009,2025-04-04T01:37:53,0,0,0,14,0
post000782,u00265,s000,2025-04-04T01:39:53,0,0,6,6,7
post000783,u00129,s004,2025-04-04T02:13:48,0,1,3,20,3
post000784,u00133,s005,2025-04-04T04:45:06,0,1,2,13,0
post000785,u00314,s009,2025-04-04T07:19:24,0,1,2,12,2
post000786,u00260,s008,2025-04-04T07:37:17,0,0,1,16,0
post000787,u00339,s007,2025-04-04T08:34:06,1,2,2,15,1
post000788,u00114,s005,2025-04-04T09:35:26,0,1,0,11,0
post000789,u00120,s010,2025-04-04T09:57:20,0,1,0,15,0
post000790,u00301,s011,2025-04-04T10:20:47,0,0,2,12,1
post000791,u00011,s006,2025-04-04T10:31:38,0,0,0,16,0
post000792,u00174,s004,2025-04-04T10:56:46,1,1,4,16,5
post000793,u00265,s009,2025-04-04T10:56:55,0,0,2,16,0
post000794,u00339,s010,2025-04-04T12:18:30,0,0,4,13,5
post000795,u00380,s010,2025-04-04T12:28:25,0,2,1,15,0
post000796,u00246,s010,2025-04-04T13:03:33,0,0,1,24,0
post000797,u00146,s010,2025-04-04T13:29:44,0,1,1,13,1
post000798,u00213,s007,2025-04-04T13:54:48,0,0,0,14,0
post000799,u00067,s011,2025-04-04T14:17:38,0,0,3,14,1
post000800,u00098,s010,2025-04-04T14:29:24,0,0,5,14,1
post000801,u00067,s011,2025-04-04T14:44:28,0,0,2,16,3
post000802,u00196,s004,2025-04-04T14:48:48,0,0,3,20,4
post000803,u00265,s009,2025-04-04T15:00:16,0,0,1,10,1
post000804,u00098,s010,2025-04-04T15:47:33,0,2,0,15,0
post000805,u00129,s006,2025-04-04T21:48:01,0,0,0,12,0
post000806,u00098,s005,2025-04-05T04:07:11,0,0,1,23,0
post000807,u00339,s010,2025-04-05T07:04:48,0,0,1,17,3
post000808,u00281,s011,2025-04-05T08:56:28,0,1,2,18,1
post000809,u00006,s011,2025-04-05T09:21:00,0,0,2,13,1
post000810,u00339,s004,2025-04-05T09:35:48,0,0,0,15,0
post000811,u00098,s010,2025-04-05T10:25:56,0,0,2,13,4
post000812,u00376,s005,2025-04-05T11:54:09,0,0,1,16,2
post000813,u00157,s010,2025-04-05T13:41:46,0,0,2,15,1
post000814,u00376,s005,2025-04-05T15:21:54,0,0,1,15,0
post000815,u00034,s004,2025-04-05T15:26:36,0,1,1,14,0
post000816,u00089,s007,2025-04-05T15:53:07,0,0,0,25,0
post000817,u00174,s004,2025-04-05T17:25:44,0,2,3,14,1
post000818,u00086,s011,2025-04-05T17:44:44,0,2,2,17,2
post000819,u00035,s011,2025-04-05T18:34:45,0,0,0,19,0
post000820,u00174,s010,2025-04-05T20:38:56,0,0,2,16,2
post000821,u00380,s004,2025-04-05T20:40:45,0,0,2,14,0
post000822,u00337,s006,2025-04-05T22:15:22,1,0,1,10,2
post000823,u00205,s004,2025-04-06T01:46:13,0,1,2,18,1
post000824,u00174,s008,2025-04-06T10:13:10,0,0,2,8,1
post000825,u00174,s004,2025-04-06T10:28:51,0,1,1,17,0
post000826,u00114,s011,2025-04-06T10:30:34,0,0,0,15,0
post000827,u00120,s009,2025-04-06T17:12:07,0,1,1,11,1
post000828,u00329,s010,2025-04-06T17:36:03,0,0,0,19,0
post000829,u00120,s010,2025-04-06T18:43:06,0,0,0,16,0
post000830,u00352,s006,2025-04-07T00:16:22,0,1,2,11,2
post000831,u00174,s010,2025-04-07T07:10:54,1,0,2,12,0
post000832,u00205,s010,2025-04-07T07:57:39,1,0,2,9,0
post000833,u00380,s004,2025-04-07T08:02:04,0,1,1,11,0
post000834,u00380,s010,2025-04-07T08:33:28,0,0,0,11,0
post000835,u00159,s010,2025-04-07T09:26:35,0,0,1,12,1
post000836,u00339,s007,2025-04-07T09:27:48,0,0,4,6,3
post000837,u00188,s005,2025-04-07T09:55:22,1,0,1,16,0
post000838,u00240,s004,2025-04-07T10:22:46,0,1,0,21,0
post000839,u00308,s006,2025-04-07T10:41:38,0,2,1,12,0
post000840,u00205,s010,2025-04-07T10:55:43,0,4,3,9,2
post000841,u00186,s006,2025-04-07T11:03:23,1,0,1,17,0
post000842,u00032,s011,2025-04-07T11:10:00,0,0,2,17,1
post000843,u00209,s010,2025-04-07T11:27:00,0,1,2,16,1
post000844,u00260,s011,2025-04-07T11:48:27,0,1,3,13,0
post000845,u00357,s004,2025-04-07T12:14:44,0,1,2,19,1
post000846,u00352,s010,2025-04-07T12:16:41,0,2,2,8,2
post000847,u00048,s002,2025-04-07T12:31:27,1,0,0,11,0
post000848,u00185,s010,2025-04-07T13:03:57,0,0,6,15,9
post000849,u00054,s003,2025-04-07T13:32:26,0,1,2,12,6
post000850,u00156,s001,2025-04-07T13:37:53,0,0,2,21,1
post000851,u00114,s008,2025-04-07T14:29:09,0,1,2,15,2
post000852,u00196,s004,2025-04-07T14:35:46,0,0,2,13,0
post000853,u00380,s010,2025-04-07T16:08:57,0,0,0,19,0
post000854,u00192,s005,2025-04-07T17:15:23,0,1,4,19,4
post000855,u00018,s004,2025-04-07T17:16:48,0,0,0,14,0
post000856,u00339,s007,2025-04-07T17:37:43,0,0,1,13,2
post000857,u00276,s006,2025-04-07T17:39:02,0,0,2,8,3
post000858,u00031,s004,2025-04-07T18:20:46,1,0,2,15,2
post000859,u00308,s003,2025-04-07T20:02:31,0,0,1,16,1
post000860,u00337,s011,2025-04-07T20:53:32,0,0,1,18,0
post000861,u00098,s005,2025-04-07T21:06:47,0,0,2,21,0
post000862,u00023,s006,2025-04-07T23:44:16,0,0,1,18,1
post000863,u00209,s010,2025-04-07T23:52:38,0,0,3,13,1
post000864,u00149,s010,2025-04-08T00:27:47,0,1,4,13,3
post000865,u00037,s011,2025-04-08T03:22:22,0,0,0,20,0
post000866,u00235,s006,2025-04-08T08:03:12,0,0,3,13,4
post000867,u00187,s005,2025-04-08T10:23:17,0,0,2,12,0
post000868,u00326,s002,2025-04-08T10:23:39,1,1,4,24,3
post000869,u00337,s006,2025-04-08T10:35:45,0,0,5,13,3
post000870,u00187,s011,2025-04-08T10:47:09,0,0,0,15,0
post000871,u00225,s004,2025-04-08T11:53:31,0,1,3,20,3
post000872,u00006,s004,2025-04-08T12:27:04,0,2,1,16,0
post000873,u00186,s006,2025-04-08T12:33:05,0,1,2,14,0
post000874,u00156,s001,2025-04-08T13:06:51,1,1,1,14,1
post000875,u00187,s004,2025-04-08T13:11:16,0,0,1,14,1
post000876,u00225,s010,2025-04-08T13:36:13,0,0,1,16,1
post000877,u00046,s003,2025-04-08T13:47:47,1,0,3,16,1
post000878,u00037,s005,2025-04-08T14:09:57,1,1,2,12,2
post000879,u00192,s005,2025-04-08T14:47:33,0,0,3,16,2
post000880,u00037,s011,2025-04-08T14:54:54,0,0,1,19,1
post000881,u00067,s005,2025-04-08T15:20:43,0,0,0,16,0
post000882,u00185,s010,2025-04-08T15:35:21,0,0,3,15,3
post000883,u00235,s006,2025-04-08T15:42:02,0,0,4,22,5
post000884,u00326,s000,2025-04-08T16:08:29,0,1,3,16,3
post000885,u00260,s008,2025-04-08T17:56:00,0,1,3,12,5
post000886,u00267,s007,2025-04-08T18:11:48,0,2,4,20,3
post000887,u00390,s011,2025-04-08T22:05:13,0,2,4,16,3
post000888,u00274,s011,2025-04-08T22:31:59,1,0,2,9,2
post000889,u00339,s009,2025-04-09T00:24:49,0,1,0,10,0
post000890,u00196,s010,2025-04-09T00:45:25,0,0,3,17,4
post000891,u00178,s006,2025-04-09T08:35:55,0,0,3,18,0
post000892,u00339,s009,2025-04-09T08:41:03,0,2,1,12,2
post000893,u00067,s011,2025-04-09T09:35:55,0,0,1,16,2
post000894,u00339,s004,2025-04-09T09:43:22,0,0,4,17,3
post000895,u00174,s008,2025-04-09T10:44:29,0,0,2,21,3
post000896,u00186,s006,2025-04-09T10:53:10,0,2,2,13,3
post000897,u00339,s004,2025-04-09T11:41:23,0,1,0,13,0
post000898,u00046,s007,2025-04-09T12:53:10,0,0,4,14,1
post000899,u00097,s007,2025-04-09T15:23:08,0,0,1,16,2
post000900,u00225,s010,2025-04-09T17:02:47,0,0,1,22,1
post000901,u00174,s010,2025-04-09T18:45:11,0,0,2,18,1
post000902,u00352,s005,2025-04-09T19:21:47,0,1,3,15,3
post000903,u00260,s005,2025-04-09T19:41:20,0,0,1,19,1
post000904,u00281,s007,2025-04-09T20:24:41,0,1,4,17,1
post000905,u00096,s007,2025-04-09T22:40:48,0,0,2,13,3
post000906,u00052,s008,2025-04-10T01:00:13,0,0,1,14,0
post000907,u00032,s009,2025-04-10T01:15:36,0,0,1,17,1
post000908,u00083,s009,2025-04-10T01:34:55,0,1,1,17,1
post000909,u00006,s006,2025-04-10T02:23:20,0,0,2,16,2
post000910,u00120,s004,2025-04-10T02:39:37,0,0,2,15,2
post000911,u00205,s004,2025-04-10T02:39:40,0,0,3,9,1
post000912,u00192,s011,2025-04-10T02:43:11,0,1,0,29,0
post000913,u00265,s008,2025-04-10T05:56:29,0,0,3,10,2
post000914,u00114,s008,2025-04-10T06:18:10,1,1,3,14,3
post000915,u00205,s011,2025-04-10T06:21:06,0,0,1,20,2
post000916,u00006,s011,2025-04-10T08:52:03,0,0,1,18,2
post000917,u00096,s010,2025-04-10T09:30:09,0,2,5,13,5
post000918,u00276,s006,2025-04-10T09:55:51,1,0,4,13,2
post000919,u00376,s006,2025-04-10T10:41:20,1,0,4,15,2
post000920,u00186,s006,2025-04-10T10:44:54,0,0,0,19,0
post000921,u00352,s005,2025-04-10T10:54:47,0,0,4,22,2
post000922,u00240,s000,2025-04-10T11:29:13,0,0,0,21,0
post000923,u00163,s006,2025-04-10T12:28:53,0,0,0,12,0
post000924,u00052,s005,2025-04-10T13:50:58,0,1,1,12,2
post000925,u00185,s004,2025-04-10T14:02:42,1,1,0,9,0
post000926,u00067,s005,2025-04-10T14:38:40,0,1,0,20,0
post000927,u00339,s009,2025-04-10T15:06:53,1,0,1,13,0
post000928,u00196,s005,2025-04-10T15:17:54,0,1,0,18,0
post000929,u00159,s010,2025-04-10T16:43:38,0,0,3,13,1
post000930,u00020,s010,2025-04-10T17:00:02,1,1,3,14,4
post000931,u00246,s007,2025-04-10T20:32:23,0,0,2,7,2
post000932,u00352,s005,2025-04-10T22:19:36,0,0,1,10,1
post000933,u00163,s010,2025-04-10T23:05:19,0,1,3,8,2
post000934,u00116,s010,2025-04-10T23:10:14,0,0,2,15,3
post000935,u00187,s005,2025-04-10T23:56:45,0,1,2,12,2
post000936,u00260,s005,2025-04-11T01:47:39,1,0,3,13,1
post000937,u00098,s005,2025-04-11T02:05:42,0,0,2,15,1
post000938,u00046,s003,2025-04-11T06:04:26,0,1,0,22,0
post000939,u00383,s010,2025-04-11T06:43:38,1,0,0,7,0
post000940,u00006,s011,2025-04-11T08:38:40,0,0,1,10,1
post000941,u00037,s005,2025-04-11T08:45:20,0,0,2,13,1
post000942,u00156,s002,2025-04-11T09:22:50,0,1,0,8,0
post000943,u00196,s004,2025-04-11T09:31:34,0,0,3,17,1
post000944,u00046,s007,2025-04-11T10:18:46,0,0,2,7,2
post000945,u00369,s005,2025-04-11T10:30:35,1,0,2,11,0
post000946,u00170,s011,2025-04-11T11:10:09,0,1,0,12,0
post000947,u00260,s008,2025-04-11T11:59:12,0,0,3,6,4
post000948,u00380,s004,2025-04-11T12:33:35,0,2,0,7,0
post000949,u00114,s004,2025-04-11T15:20:49,1,0,0,14,0
post000950,u00037,s005,2025-04-11T15:27:50,0,0,0,3,0
post000951,u00032,s006,2025-04-11T16:50:45,0,0,2,12,2
post000952,u00265,s008,2025-04-11T19:14:20,1,0,0,8,0
post000953,u00023,s009,2025-04-11T19:26:54,0,0,0,14,0
post000954,u00241,s004,2025-04-12T03:16:02,0,1,1,2,0
post000955,u00187,s011,2025-04-12T07:17:50,0,0,0,7,0
post000956,u00165,s011,2025-04-12T08:24:46,0,1,0,7,0
post000957,u00159,s008,2025-04-12T09:00:41,0,1,0,8,0
post000958,u00114,s011,2025-04-12T09:02:35,0,1,0,13,0
post000959,u00205,s004,2025-04-12T09:31:10,0,2,1,6,1
post000960,u00247,s006,2025-04-12T11:32:54,0,0,1,9,1
post000961,u00332,s008,2025-04-12T12:42:06,0,0,0,4,0
post000962,u00337,s011,2025-04-12T13:06:38,0,1,0,6,0
post000963,u00337,s007,2025-04-12T13:29:29,0,0,0,5,0
post000964,u00098,s011,2025-04-12T14:21:09,0,0,1,3,1
post000965,u00322,s004,2025-04-12T14:55:35,0,0,3,3,0
post000966,u00209,s006,2025-04-12T16:46:55,0,1,1,5,0
post000967,u00085,s011,2025-04-12T18:05:57,0,1,0,5,0
post000968,u00098,s011,2025-04-12T19:50:27,0,1,0,4,0
post000969,u00067,s005,2025-04-12T19:53:49,1,0,1,5,0
post000970,u00383,s008,2025-04-13T04:15:47,0,2,0,4,0
post000971,u00154,s011,2025-04-13T07:31:43,0,0,0,1,0
post000972,u00385,s005,2025-04-13T08:33:49,0,1,0,0,0
post000973,u00369,s011,2025-04-13T08:58:51,1,0,0,1,0
post000974,u00236,s011,2025-04-13T08:58:56,0,0,2,2,4
post000975,u00314,s004,2025-04-13T09:32:28,0,2,0,2,0
post000976,u00389,s008,2025-04-13T10:10:14,0,0,1,2,1
post000977,u00156,s003,2025-04-13T11:38:49,0,0,0,1,0
post000978,u00032,s009,2025-04-13T12:30:26,1,1,1,1,0
post000979,u00187,s010,2025-04-13T12:55:47,1,2,1,2,2
post000980,u00282,s006,2025-04-13T13:06:03,0,0,0,0,0
post000981,u00079,s006,2025-04-13T19:58:06,0,0,0,2,0
post000982,u00018,s004,2025-04-13T21:20:43,1,0,1,0,0
post000983,u00096,s010,2025-04-13T22:09:03,0,1,0,0,0
