user_id,stream_id,can_access
u00000,s004,0
u00000,s005,0
u00000,s006,0
u00000,s007,0
u00000,s008,1
u00000,s009,1
u00000,s010,0
u00000,s011,0
u00001,s004,1
u00001,s005,1
u00001,s006,0
u00001,s007,0
u00001,s008,0
u00001,s009,1
u00001,s010,1
u00001,s011,0
u00002,s004,0
u00002,s005,0
u00002,s006,1
u00002,s007,1
u00002,s008,0
u00002,s009,0
u00002,s010,0
u00002,s011,0
u00003,s004,0
u00003,s005,0
u00003,s006,0
u00003,s007,0
u00003,s008,0
u00003,s009,1
u00003,s010,0
u00003,s011,1
u00004,s004,1
u00004,s005,1
u00004,s006,1
u00004,s007,1
u00004,s008,1
u00004,s009,0
u00004,s010,0
u00004,s011,1
u00005,s004,1
u00005,s005,1
u00005,s006,0
u00005,s007,1
u00005,s008,0
u00005,s009,1
u00005,s010,1
u00005,s011,0
u00006,s004,1
u00006,s005,0
u00006,s006,1
u00006,s007,0
u00006,s008,0
u00006,s009,0
u00006,s010,0
u00006,s011,1
u00007,s004,1
u00007,s005,0
u00007,s006,1
u00007,s007,0
u00007,s008,0
u00007,s009,0
u00007,s010,0
u00007,s011,1
u00008,s004,0
u00008,s005,0
u00008,s006,0
u00008,s007,1
u00008,s008,1
u00008,s009,0
u00008,s010,0
u00008,s011,0
u00009,s004,1
u00009,s005,1
u00009,s006,0
u00009,s007,0
u00009,s008,0
u00009,s009,1
u00009,s010,0
u00009,s011,1
u00010,s004,1
u00010,s005,0
u00010,s006,0
u00010,s007,0
u00010,s008,0
u00010,s009,1
u00010,s010,1
u00010,s011,0
u00011,s004,1
u00011,s005,1
u00011,s006,1
u00011,s007,1
u00011,s008,0
u00011,s009,0
u00011,s010,1
u00011,s011,0
u00012,s004,1
u00012,s005,0
u00012,s006,0
u00012,s007,1
u00012,s008,0
u00012,s009,0
u00012,s010,1
u00012,s011,1
u00013,s004,1
u00013,s005,0
u00013,s006,1
u00013,s007,0
u00013,s008,0
u00013,s009,0
u00013,s010,1
u00013,s011,0
u00014,s004,1
u00014,s005,1
u00014,s006,0
u00014,s007,1
u00014,s008,0
u00014,s009,1
u00014,s010,1
u00014,s011,0
u00015,s004,0
u00015,s005,1
u00015,s006,1
u00015,s007,0
u00015,s008,0
u00015,s009,1
u00015,s010,0
u00015,s011,1
u00016,s004,0
u00016,s005,1
u00016,s006,1
u00016,s007,0
u00016,s008,0
u00016,s009,0
u00016,s010,0
u00016,s011,0
u00017,s004,1
u00017,s005,1
u00017,s006,1
u00017,s007,0
u00017,s008,1
u00017,s009,0
u00017,s010,0
u00017,s011,1
u00018,s004,1
u00018,s005,0
u00018,s006,0
u00018,s007,0
u00018,s008,0
u00018,s009,0
u00018,s010,1
u00018,s011,0
u00019,s004,1
u00019,s005,0
u00019,s006,1
u00019,s007,0
u00019,s008,0
u00019,s009,1
u00019,s010,1
u00019,s011,0
u00020,s004,1
u00020,s005,1
u00020,s006,0
u00020,s007,1
u00020,s008,0
u00020,s009,0
u00020,s010,1
u00020,s011,0
u00021,s004,0
u00021,s005,1
u00021,s006,1
u00021,s007,0
u00021,s008,0
u00021,s009,0
u00021,s010,1
u00021,s011,1
u00022,s004,0
u00022,s005,0
u00022,s006,1
u00022,s007,0
u00022,s008,1
u00022,s009,0
u00022,s010,1
u00022,s011,0
u00023,s004,1
u00023,s005,0
u00023,s006,1
u00023,s007,0
u00023,s008,0
u00023,s009,1
u00023,s010,1
u00023,s011,0
u00024,s004,1
u00024,s005,1
u00024,s006,1
u00024,s007,0
u00024,s008,0
u00024,s009,0
u00024,s010,1
u00024,s011,0
u00025,s004,0
u00025,s005,1
u00025,s006,0
u00025,s007,0
u00025,s008,0
u00025,s009,0
u00025,s010,0
u00025,s011,1
u00026,s004,0
u00026,s005,1
u00026,s006,1
u00026,s007,0
u00026,s008,0
u00026,s009,0
u00026,s010,0
u00026,s011,1
u00027,s004,1
u00027,s005,1
u00027,s006,0
u00027,s007,1
u00027,s008,1
u00027,s009,0
u00027,s010,0
u00027,s011,1
u00028,s004,0
u00028,s005,1
u00028,s006,0
u00028,s007,0
u00028,s008,0
u00028,s009,1
u00028,s010,0
u00028,s011,1
u00029,s004,1
u00029,s005,0
u00029,s006,1
u00029,s007,0
u00029,s008,0
u00029,s009,1
u00029,s010,0
u00029,s011,0
u00030,s004,1
u00030,s005,1
u00030,s006,0
u00030,s007,0
u00030,s008,0
u00030,s009,0
u00030,s010,1
u00030,s011,1
u00031,s004,1
u00031,s005,0
u00031,s006,1
u00031,s007,0
u00031,s008,0
u00031,s009,0
u00031,s010,1
u00031,s011,0
u00032,s004,0
u00032,s005,1
u00032,s006,1
u00032,s007,1
u00032,s008,0
u00032,s009,1
u00032,s010,0
u00032,s011,1
u00033,s004,0
u00033,s005,0
u00033,s006,0
u00033,s007,1
u00033,s008,1
u00033,s009,1
u00033,s010,0
u00033,s011,1
u00034,s004,1
u00034,s005,0
u00034,s006,1
u00034,s007,0
u00034,s008,0
u00034,s009,0
u00034,s010,0
u00034,s011,0
u00035,s004,0
u00035,s005,1
u00035,s006,1
u00035,s007,1
u00035,s008,0
u00035,s009,0
u00035,s010,1
u00035,s011,1
u00036,s004,0
u00036,s005,1
u00036,s006,0
u00036,s007,0
u00036,s008,1
u00036,s009,0
u00036,s010,0
u00036,s011,1
u00037,s004,0
u00037,s005,1
u00037,s006,0
u00037,s007,0
u00037,s008,0
u00037,s009,0
u00037,s010,0
u00037,s011,1
u00038,s004,1
u00038,s005,0
u00038,s006,1
u00038,s007,1
u00038,s008,0
u00038,s009,1
u00038,s010,1
u00038,s011,0
u00039,s004,1
u00039,s005,0
u00039,s006,0
u00039,s007,0
u00039,s008,1
u00039,s009,0
u00039,s010,1
u00039,s011,0
u00040,s004,1
u00040,s005,0
u00040,s006,1
u00040,s007,1
u00040,s008,0
u00040,s009,0
u00040,s010,1
u00040,s011,0
u00041,s004,0
u00041,s005,0
u00041,s006,1
u00041,s007,1
u00041,s008,1
u00041,s009,0
u00041,s010,0
u00041,s011,1
u00042,s004,1
u00042,s005,1
u00042,s006,0
u00042,s007,0
u00042,s008,0
u00042,s009,0
u00042,s010,1
u00042,s011,0
u00043,s004,1
u00043,s005,1
u00043,s006,0
u00043,s007,1
u00043,s008,0
u00043,s009,1
u00043,s010,1
u00043,s011,1
u00044,s004,1
u00044,s005,1
u00044,s006,1
u00044,s007,0
u00044,s008,1
u00044,s009,0
u00044,s010,0
u00044,s011,0
u00045,s004,1
u00045,s005,0
u00045,s006,0
u00045,s007,1
u00045,s008,0
u00045,s009,0
u00045,s010,1
u00045,s011,0
u00046,s004,0
u00046,s005,1
u00046,s006,0
u00046,s007,1
u00046,s008,1
u00046,s009,0
u00046,s010,0
u00046,s011,0
u00047,s004,1
u00047,s005,0
u00047,s006,0
u00047,s007,0
u00047,s008,0
u00047,s009,1
u00047,s010,1
u00047,s011,0
u00048,s004,0
u00048,s005,0
u00048,s006,0
u00048,s007,1
u00048,s008,1
u00048,s009,0
u00048,s010,0
u00048,s011,0
u00049,s004,1
u00049,s005,0
u00049,s006,0
u00049,s007,1
u00049,s008,0
u00049,s009,0
u00049,s010,1
u00049,s011,1
u00050,s004,1
u00050,s005,0
u00050,s006,0
u00050,s007,0
u00050,s008,0
u00050,s009,0
u00050,s010,1
u00050,s011,1
u00051,s004,1
u00051,s005,1
u00051,s006,0
u00051,s007,1
u00051,s008,1
u00051,s009,0
u00051,s010,1
u00051,s011,0
u00052,s004,1
u00052,s005,1
u00052,s006,0
u00052,s007,0
u00052,s008,1
u00052,s009,0
u00052,s010,1
u00052,s011,0
u00053,s004,0
u00053,s005,1
u00053,s006,1
u00053,s007,1
u00053,s008,0
u00053,s009,1
u00053,s010,0
u00053,s011,1
u00054,s004,0
u00054,s005,0
u00054,s006,0
u00054,s007,1
u00054,s008,0
u00054,s009,1
u00054,s010,1
u00054,s011,1
u00055,s004,1
u00055,s005,1
u00055,s006,0
u00055,s007,1
u00055,s008,0
u00055,s009,0
u00055,s010,0
u00055,s011,1
u00056,s004,1
u00056,s005,0
u00056,s006,0
u00056,s007,0
u00056,s008,0
u00056,s009,0
u00056,s010,1
u00056,s011,0
u00057,s004,1
u00057,s005,1
u00057,s006,0
u00057,s007,0
u00057,s008,1
u00057,s009,0
u00057,s010,1
u00057,s011,0
u00058,s004,1
u00058,s005,0
u00058,s006,1
u00058,s007,0
u00058,s008,0
u00058,s009,1
u00058,s010,1
u00058,s011,0
u00059,s004,1
u00059,s005,0
u00059,s006,1
u00059,s007,0
u00059,s008,0
u00059,s009,0
u00059,s010,1
u00059,s011,0
u00060,s004,0
u00060,s005,1
u00060,s006,0
u00060,s007,0
u00060,s008,0
u00060,s009,0
u00060,s010,0
u00060,s011,1
u00061,s004,0
u00061,s005,1
u00061,s006,1
u00061,s007,0
u00061,s008,0
u00061,s009,1
u00061,s010,0
u00061,s011,0
u00062,s004,1
u00062,s005,0
u00062,s006,0
u00062,s007,0
u00062,s008,0
u00062,s009,0
u00062,s010,1
u00062,s011,0
u00063,s004,0
u00063,s005,1
u00063,s006,1
u00063,s007,0
u00063,s008,1
u00063,s009,0
u00063,s010,0
u00063,s011,0
u00064,s004,0
u00064,s005,0
u00064,s006,0
u00064,s007,0
u00064,s008,0
u00064,s009,1
u00064,s010,0
u00064,s011,0
u00065,s004,0
u00065,s005,0
u00065,s006,1
u00065,s007,0
u00065,s008,0
u00065,s009,1
u00065,s010,0
u00065,s011,0
u00066,s004,0
u00066,s005,1
u00066,s006,0
u00066,s007,0
u00066,s008,0
u00066,s009,0
u00066,s010,0
u00066,s011,1
u00067,s004,0
u00067,s005,1
u00067,s006,0
u00067,s007,0
u00067,s008,0
u00067,s009,0
u00067,s010,0
u00067,s011,1
u00068,s004,0
u00068,s005,1
u00068,s006,0
u00068,s007,0
u00068,s008,0
u00068,s009,0
u00068,s010,0
u00068,s011,1
u00069,s004,1
u00069,s005,0
u00069,s006,1
u00069,s007,1
u00069,s008,0
u00069,s009,0
u00069,s010,1
u00069,s011,0
u00070,s004,0
u00070,s005,1
u00070,s006,0
u00070,s007,1
u00070,s008,0
u00070,s009,0
u00070,s010,0
u00070,s011,1
u00071,s004,0
u00071,s005,0
u00071,s006,0
u00071,s007,0
u00071,s008,0
u00071,s009,1
u00071,s010,0
u00071,s011,0
u00072,s004,0
u00072,s005,0
u00072,s006,0
u00072,s007,1
u00072,s008,0
u00072,s009,0
u00072,s010,0
u00072,s011,0
u00073,s004,1
u00073,s005,1
u00073,s006,0
u00073,s007,0
u00073,s008,1
u00073,s009,0
u00073,s010,1
u00073,s011,1
u00074,s004,0
u00074,s005,1
u00074,s006,0
u00074,s007,0
u00074,s008,0
u00074,s009,0
u00074,s010,1
u00074,s011,1
u00075,s004,1
u00075,s005,0
u00075,s006,1
u00075,s007,1
u00075,s008,1
u00075,s009,0
u00075,s010,1
u00075,s011,0
u00076,s004,1
u00076,s005,0
u00076,s006,0
u00076,s007,0
u00076,s008,0
u00076,s009,0
u00076,s010,1
u00076,s011,0
u00077,s004,1
u00077,s005,0
u00077,s006,0
u00077,s007,0
u00077,s008,0
u00077,s009,0
u00077,s010,1
u00077,s011,0
u00078,s004,1
u00078,s005,1
u00078,s006,0
u00078,s007,0
u00078,s008,0
u00078,s009,1
u00078,s010,1
u00078,s011,1
u00079,s004,1
u00079,s005,0
u00079,s006,1
u00079,s007,1
u00079,s008,1
u00079,s009,1
u00079,s010,0
u00079,s011,1
u00080,s004,1
u00080,s005,1
u00080,s006,0
u00080,s007,0
u00080,s008,0
u00080,s009,0
u00080,s010,1
u00080,s011,1
u00081,s004,0
u00081,s005,1
u00081,s006,0
u00081,s007,0
u00081,s008,0
u00081,s009,0
u00081,s010,0
u00081,s011,1
u00082,s004,1
u00082,s005,0
u00082,s006,1
u00082,s007,0
u00082,s008,1
u00082,s009,0
u00082,s010,1
u00082,s011,0
u00083,s004,1
u00083,s005,0
u00083,s006,1
u00083,s007,0
u00083,s008,1
u00083,s009,1
u00083,s010,1
u00083,s011,0
u00084,s004,0
u00084,s005,0
u00084,s006,1
u00084,s007,0
u00084,s008,0
u00084,s009,0
u00084,s010,1
u00084,s011,1
u00085,s004,0
u00085,s005,1
u00085,s006,0
u00085,s007,0
u00085,s008,0
u00085,s009,0
u00085,s010,0
u00085,s011,1
u00086,s004,0
u00086,s005,0
u00086,s006,1
u00086,s007,1
u00086,s008,0
u00086,s009,0
u00086,s010,0
u00086,s011,1
u00087,s004,1
u00087,s005,0
u00087,s006,1
u00087,s007,0
u00087,s008,1
u00087,s009,0
u00087,s010,1
u00087,s011,0
u00088,s004,1
u00088,s005,1
u00088,s006,0
u00088,s007,0
u00088,s008,0
u00088,s009,0
u00088,s010,1
u00088,s011,0
u00089,s004,1
u00089,s005,0
u00089,s006,0
u00089,s007,1
u00089,s008,0
u00089,s009,0
u00089,s010,0
u00089,s011,0
u00090,s004,0
u00090,s005,1
u00090,s006,1
u00090,s007,0
u00090,s008,0
u00090,s009,1
u00090,s010,0
u00090,s011,1
u00091,s004,1
u00091,s005,0
u00091,s006,0
u00091,s007,0
u00091,s008,0
u00091,s009,0
u00091,s010,1
u00091,s011,1
u00092,s004,1
u00092,s005,1
u00092,s006,1
u00092,s007,0
u00092,s008,0
u00092,s009,1
u00092,s010,0
u00092,s011,1
u00093,s004,1
u00093,s005,1
u00093,s006,1
u00093,s007,0
u00093,s008,1
u00093,s009,1
u00093,s010,1
u00093,s011,0
u00094,s004,1
u00094,s005,1
u00094,s006,0
u00094,s007,1
u00094,s008,1
u00094,s009,0
u00094,s010,0
u00094,s011,0
u00095,s004,0
u00095,s005,1
u00095,s006,0
u00095,s007,0
u00095,s008,0
u00095,s009,1
u00095,s010,0
u00095,s011,1
u00096,s004,1
u00096,s005,1
u00096,s006,0
u00096,s007,1
u00096,s008,0
u00096,s009,0
u00096,s010,1
u00096,s011,0
u00097,s004,0
u00097,s005,0
u00097,s006,1
u00097,s007,1
u00097,s008,0
u00097,s009,1
u00097,s010,0
u00097,s011,0
u00098,s004,0
u00098,s005,1
u00098,s006,0
u00098,s007,0
u00098,s008,0
u00098,s009,0
u00098,s010,1
u00098,s011,1
u00099,s004,0
u00099,s005,1
u00099,s006,0
u00099,s007,0
u00099,s008,1
u00099,s009,0
u00099,s010,1
u00099,s011,1
u00100,s004,0
u00100,s005,0
u00100,s006,1
u00100,s007,0
u00100,s008,1
u00100,s009,0
u00100,s010,0
u00100,s011,0
u00101,s004,1
u00101,s005,0
u00101,s006,1
u00101,s007,0
u00101,s008,0
u00101,s009,0
u00101,s010,1
u00101,s011,0
u00102,s004,1
u00102,s005,0
u00102,s006,0
u00102,s007,0
u00102,s008,0
u00102,s009,1
u00102,s010,1
u00102,s011,0
u00103,s004,1
u00103,s005,0
u00103,s006,0
u00103,s007,1
u00103,s008,0
u00103,s009,0
u00103,s010,1
u00103,s011,0
u00104,s004,1
u00104,s005,0
u00104,s006,0
u00104,s007,0
u00104,s008,0
u00104,s009,0
u00104,s010,1
u00104,s011,0
u00105,s004,0
u00105,s005,1
u00105,s006,0
u00105,s007,0
u00105,s008,0
u00105,s009,1
u00105,s010,0
u00105,s011,1
u00106,s004,1
u00106,s005,0
u00106,s006,0
u00106,s007,0
u00106,s008,0
u00106,s009,0
u00106,s010,1
u00106,s011,0
u00107,s004,1
u00107,s005,0
u00107,s006,0
u00107,s007,0
u00107,s008,0
u00107,s009,0
u00107,s010,1
u00107,s011,1
u00108,s004,1
u00108,s005,1
u00108,s006,1
u00108,s007,0
u00108,s008,0
u00108,s009,0
u00108,s010,1
u00108,s011,1
u00109,s004,1
u00109,s005,1
u00109,s006,0
u00109,s007,0
u00109,s008,1
u00109,s009,0
u00109,s010,1
u00109,s011,1
u00110,s004,1
u00110,s005,0
u00110,s006,0
u00110,s007,0
u00110,s008,0
u00110,s009,0
u00110,s010,1
u00110,s011,0
u00111,s004,0
u00111,s005,0
u00111,s006,0
u00111,s007,1
u00111,s008,0
u00111,s009,0
u00111,s010,0
u00111,s011,0
u00112,s004,1
u00112,s005,0
u00112,s006,1
u00112,s007,0
u00112,s008,0
u00112,s009,0
u00112,s010,1
u00112,s011,0
u00113,s004,0
u00113,s005,1
u00113,s006,0
u00113,s007,0
u00113,s008,1
u00113,s009,0
u00113,s010,0
u00113,s011,1
u00114,s004,1
u00114,s005,1
u00114,s006,0
u00114,s007,0
u00114,s008,1
u00114,s009,0
u00114,s010,0
u00114,s011,1
u00115,s004,1
u00115,s005,0
u00115,s006,0
u00115,s007,1
u00115,s008,0
u00115,s009,0
u00115,s010,1
u00115,s011,0
u00116,s004,1
u00116,s005,0
u00116,s006,1
u00116,s007,1
u00116,s008,0
u00116,s009,0
u00116,s010,1
u00116,s011,0
u00117,s004,0
u00117,s005,0
u00117,s006,0
u00117,s007,1
u00117,s008,1
u00117,s009,1
u00117,s010,0
u00117,s011,0
u00118,s004,1
u00118,s005,0
u00118,s006,1
u00118,s007,0
u00118,s008,0
u00118,s009,0
u00118,s010,1
u00118,s011,0
u00119,s004,1
u00119,s005,0
u00119,s006,1
u00119,s007,1
u00119,s008,0
u00119,s009,0
u00119,s010,0
u00119,s011,1
u00120,s004,1
u00120,s005,0
u00120,s006,0
u00120,s007,0
u00120,s008,0
u00120,s009,1
u00120,s010,1
u00120,s011,1
u00121,s004,1
u00121,s005,0
u00121,s006,0
u00121,s007,1
u00121,s008,0
u00121,s009,1
u00121,s010,1
u00121,s011,0
u00122,s004,1
u00122,s005,1
u00122,s006,1
u00122,s007,0
u00122,s008,0
u00122,s009,0
u00122,s010,1
u00122,s011,1
u00123,s004,0
u00123,s005,1
u00123,s006,0
u00123,s007,0
u00123,s008,0
u00123,s009,1
u00123,s010,0
u00123,s011,1
u00124,s004,0
u00124,s005,0
u00124,s006,1
u00124,s007,0
u00124,s008,0
u00124,s009,0
u00124,s010,0
u00124,s011,0
u00125,s004,1
u00125,s005,0
u00125,s006,1
u00125,s007,1
u00125,s008,0
u00125,s009,0
u00125,s010,1
u00125,s011,0
u00126,s004,1
u00126,s005,0
u00126,s006,0
u00126,s007,0
u00126,s008,1
u00126,s009,0
u00126,s010,1
u00126,s011,0
u00127,s004,0
u00127,s005,0
u00127,s006,1
u00127,s007,0
u00127,s008,0
u00127,s009,1
u00127,s010,0
u00127,s011,0
u00128,s004,1
u00128,s005,0
u00128,s006,0
u00128,s007,0
u00128,s008,1
u00128,s009,0
u00128,s010,1
u00128,s011,1
u00129,s004,1
u00129,s005,1
u00129,s006,1
u00129,s007,0
u00129,s008,0
u00129,s009,0
u00129,s010,1
u00129,s011,0
u00130,s004,1
u00130,s005,0
u00130,s006,0
u00130,s007,0
u00130,s008,1
u00130,s009,0
u00130,s010,1
u00130,s011,0
u00131,s004,1
u00131,s005,1
u00131,s006,0
u00131,s007,1
u00131,s008,0
u00131,s009,0
u00131,s010,1
u00131,s011,0
u00132,s004,1
u00132,s005,1
u00132,s006,0
u00132,s007,0
u00132,s008,0
u00132,s009,0
u00132,s010,0
u00132,s011,1
u00133,s004,1
u00133,s005,1
u00133,s006,0
u00133,s007,0
u00133,s008,0
u00133,s009,0
u00133,s010,0
u00133,s011,1
u00134,s004,1
u00134,s005,1
u00134,s006,1
u00134,s007,1
u00134,s008,0
u00134,s009,0
u00134,s010,0
u00134,s011,0
u00135,s004,1
u00135,s005,1
u00135,s006,0
u00135,s007,0
u00135,s008,0
u00135,s009,0
u00135,s010,0
u00135,s011,1
u00136,s004,0
u00136,s005,1
u00136,s006,0
u00136,s007,0
u00136,s008,0
u00136,s009,1
u00136,s010,0
u00136,s011,1
u00137,s004,1
u00137,s005,0
u00137,s006,0
u00137,s007,0
u00137,s008,0
u00137,s009,0
u00137,s010,1
u00137,s011,1
u00138,s004,0
u00138,s005,0
u00138,s006,1
u00138,s007,0
u00138,s008,0
u00138,s009,1
u00138,s010,0
u00138,s011,0
u00139,s004,1
u00139,s005,0
u00139,s006,0
u00139,s007,0
u00139,s008,0
u00139,s009,0
u00139,s010,1
u00139,s011,0
u00140,s004,0
u00140,s005,1
u00140,s006,1
u00140,s007,1
u00140,s008,0
u00140,s009,0
u00140,s010,0
u00140,s011,0
u00141,s004,1
u00141,s005,0
u00141,s006,0
u00141,s007,1
u00141,s008,0
u00141,s009,0
u00141,s010,1
u00141,s011,0
u00142,s004,1
u00142,s005,1
u00142,s006,0
u00142,s007,1
u00142,s008,0
u00142,s009,0
u00142,s010,1
u00142,s011,1
u00143,s004,1
u00143,s005,0
u00143,s006,0
u00143,s007,0
u00143,s008,0
u00143,s009,1
u00143,s010,1
u00143,s011,0
u00144,s004,0
u00144,s005,1
u00144,s006,0
u00144,s007,0
u00144,s008,0
u00144,s009,1
u00144,s010,0
u00144,s011,1
u00145,s004,1
u00145,s005,0
u00145,s006,0
u00145,s007,1
u00145,s008,0
u00145,s009,0
u00145,s010,1
u00145,s011,0
u00146,s004,0
u00146,s005,0
u00146,s006,1
u00146,s007,0
u00146,s008,1
u00146,s009,0
u00146,s010,1
u00146,s011,0
u00147,s004,1
u00147,s005,0
u00147,s006,1
u00147,s007,0
u00147,s008,0
u00147,s009,0
u00147,s010,1
u00147,s011,1
u00148,s004,0
u00148,s005,0
u00148,s006,1
u00148,s007,0
u00148,s008,1
u00148,s009,0
u00148,s010,0
u00148,s011,0
u00149,s004,1
u00149,s005,0
u00149,s006,0
u00149,s007,0
u00149,s008,1
u00149,s009,0
u00149,s010,1
u00149,s011,1
u00150,s004,1
u00150,s005,0
u00150,s006,1
u00150,s007,0
u00150,s008,0
u00150,s009,0
u00150,s010,0
u00150,s011,0
u00151,s004,1
u00151,s005,0
u00151,s006,0
u00151,s007,0
u00151,s008,0
u00151,s009,0
u00151,s010,1
u00151,s011,0
u00152,s004,1
u00152,s005,1
u00152,s006,1
u00152,s007,0
u00152,s008,1
u00152,s009,0
u00152,s010,1
u00152,s011,0
u00153,s004,1
u00153,s005,1
u00153,s006,0
u00153,s007,0
u00153,s008,1
u00153,s009,0
u00153,s010,1
u00153,s011,0
u00154,s004,1
u00154,s005,1
u00154,s006,0
u00154,s007,0
u00154,s008,1
u00154,s009,0
u00154,s010,0
u00154,s011,1
u00155,s004,1
u00155,s005,1
u00155,s006,0
u00155,s007,0
u00155,s008,1
u00155,s009,0
u00155,s010,1
u00155,s011,1
u00156,s004,1
u00156,s005,0
u00156,s006,1
u00156,s007,1
u00156,s008,1
u00156,s009,1
u00156,s010,0
u00156,s011,1
u00157,s004,1
u00157,s005,0
u00157,s006,0
u00157,s007,0
u00157,s008,0
u00157,s009,0
u00157,s010,1
u00157,s011,0
u00158,s004,1
u00158,s005,0
u00158,s006,0
u00158,s007,0
u00158,s008,0
u00158,s009,0
u00158,s010,1
u00158,s011,0
u00159,s004,1
u00159,s005,0
u00159,s006,1
u00159,s007,0
u00159,s008,1
u00159,s009,0
u00159,s010,1
u00159,s011,0
u00160,s004,0
u00160,s005,1
u00160,s006,0
u00160,s007,0
u00160,s008,1
u00160,s009,1
u00160,s010,0
u00160,s011,0
u00161,s004,1
u00161,s005,1
u00161,s006,0
u00161,s007,1
u00161,s008,1
u00161,s009,0
u00161,s010,1
u00161,s011,1
u00162,s004,0
u00162,s005,0
u00162,s006,0
u00162,s007,1
u00162,s008,1
u00162,s009,0
u00162,s010,0
u00162,s011,0
u00163,s004,1
u00163,s005,0
u00163,s006,1
u00163,s007,1
u00163,s008,0
u00163,s009,0
u00163,s010,1
u00163,s011,0
u00164,s004,0
u00164,s005,1
u00164,s006,0
u00164,s007,1
u00164,s008,1
u00164,s009,1
u00164,s010,1
u00164,s011,0
u00165,s004,1
u00165,s005,0
u00165,s006,0
u00165,s007,0
u00165,s008,0
u00165,s009,0
u00165,s010,1
u00165,s011,1
u00166,s004,1
u00166,s005,0
u00166,s006,0
u00166,s007,0
u00166,s008,1
u00166,s009,1
u00166,s010,1
u00166,s011,0
u00167,s004,1
u00167,s005,0
u00167,s006,0
u00167,s007,0
u00167,s008,0
u00167,s009,0
u00167,s010,1
u00167,s011,0
u00168,s004,1
u00168,s005,1
u00168,s006,0
u00168,s007,0
u00168,s008,1
u00168,s009,1
u00168,s010,0
u00168,s011,1
u00169,s004,0
u00169,s005,0
u00169,s006,0
u00169,s007,1
u00169,s008,0
u00169,s009,0
u00169,s010,1
u00169,s011,0
u00170,s004,1
u00170,s005,1
u00170,s006,0
u00170,s007,1
u00170,s008,1
u00170,s009,0
u00170,s010,1
u00170,s011,1
u00171,s004,0
u00171,s005,1
u00171,s006,0
u00171,s007,1
u00171,s008,0
u00171,s009,1
u00171,s010,0
u00171,s011,0
u00172,s004,1
u00172,s005,1
u00172,s006,1
u00172,s007,1
u00172,s008,0
u00172,s009,0
u00172,s010,1
u00172,s011,0
u00173,s004,0
u00173,s005,0
u00173,s006,1
u00173,s007,1
u00173,s008,1
u00173,s009,0
u00173,s010,0
u00173,s011,0
u00174,s004,1
u00174,s005,0
u00174,s006,0
u00174,s007,0
u00174,s008,1
u00174,s009,0
u00174,s010,1
u00174,s011,0
u00175,s004,0
u00175,s005,0
u00175,s006,1
u00175,s007,0
u00175,s008,1
u00175,s009,1
u00175,s010,0
u00175,s011,0
u00176,s004,0
u00176,s005,1
u00176,s006,1
u00176,s007,0
u00176,s008,0
u00176,s009,0
u00176,s010,0
u00176,s011,1
u00177,s004,0
u00177,s005,1
u00177,s006,1
u00177,s007,1
u00177,s008,0
u00177,s009,0
u00177,s010,0
u00177,s011,0
u00178,s004,0
u00178,s005,1
u00178,s006,1
u00178,s007,0
u00178,s008,0
u00178,s009,0
u00178,s010,0
u00178,s011,1
u00179,s004,0
u00179,s005,1
u00179,s006,0
u00179,s007,0
u00179,s008,1
u00179,s009,0
u00179,s010,0
u00179,s011,1
u00180,s004,0
u00180,s005,1
u00180,s006,1
u00180,s007,0
u00180,s008,1
u00180,s009,1
u00180,s010,0
u00180,s011,1
u00181,s004,0
u00181,s005,1
u00181,s006,0
u00181,s007,0
u00181,s008,0
u00181,s009,1
u00181,s010,1
u00181,s011,1
u00182,s004,0
u00182,s005,0
u00182,s006,1
u00182,s007,1
u00182,s008,0
u00182,s009,0
u00182,s010,0
u00182,s011,1
u00183,s004,0
u00183,s005,0
u00183,s006,0
u00183,s007,1
u00183,s008,1
u00183,s009,0
u00183,s010,0
u00183,s011,0
u00184,s004,0
u00184,s005,1
u00184,s006,1
u00184,s007,0
u00184,s008,0
u00184,s009,0
u00184,s010,0
u00184,s011,1
u00185,s004,1
u00185,s005,0
u00185,s006,0
u00185,s007,0
u00185,s008,0
u00185,s009,0
u00185,s010,1
u00185,s011,0
u00186,s004,0
u00186,s005,0
u00186,s006,1
u00186,s007,0
u00186,s008,0
u00186,s009,0
u00186,s010,0
u00186,s011,0
u00187,s004,1
u00187,s005,1
u00187,s006,0
u00187,s007,0
u00187,s008,0
u00187,s009,0
u00187,s010,1
u00187,s011,1
u00188,s004,0
u00188,s005,1
u00188,s006,0
u00188,s007,0
u00188,s008,0
u00188,s009,0
u00188,s010,0
u00188,s011,1
u00189,s004,0
u00189,s005,1
u00189,s006,0
u00189,s007,0
u00189,s008,0
u00189,s009,0
u00189,s010,0
u00189,s011,1
u00190,s004,1
u00190,s005,0
u00190,s006,0
u00190,s007,0
u00190,s008,1
u00190,s009,1
u00190,s010,1
u00190,s011,1
u00191,s004,1
u00191,s005,0
u00191,s006,0
u00191,s007,0
u00191,s008,0
u00191,s009,1
u00191,s010,1
u00191,s011,0
u00192,s004,0
u00192,s005,1
u00192,s006,0
u00192,s007,0
u00192,s008,0
u00192,s009,1
u00192,s010,0
u00192,s011,1
u00193,s004,0
u00193,s005,0
u00193,s006,1
u00193,s007,0
u00193,s008,0
u00193,s009,0
u00193,s010,0
u00193,s011,0
u00194,s004,0
u00194,s005,1
u00194,s006,0
u00194,s007,0
u00194,s008,0
u00194,s009,0
u00194,s010,0
u00194,s011,1
u00195,s004,1
u00195,s005,0
u00195,s006,1
u00195,s007,1
u00195,s008,0
u00195,s009,1
u00195,s010,0
u00195,s011,0
u00196,s004,1
u00196,s005,1
u00196,s006,0
u00196,s007,0
u00196,s008,0
u00196,s009,1
u00196,s010,1
u00196,s011,0
u00197,s004,1
u00197,s005,0
u00197,s006,1
u00197,s007,0
u00197,s008,1
u00197,s009,0
u00197,s010,1
u00197,s011,0
u00198,s004,1
u00198,s005,1
u00198,s006,1
u00198,s007,1
u00198,s008,0
u00198,s009,1
u00198,s010,0
u00198,s011,1
u00199,s004,1
u00199,s005,0
u00199,s006,0
u00199,s007,0
u00199,s008,1
u00199,s009,0
u00199,s010,1
u00199,s011,1
u00200,s004,1
u00200,s005,0
u00200,s006,1
u00200,s007,1
u00200,s008,0
u00200,s009,0
u00200,s010,1
u00200,s011,1
u00201,s004,0
u00201,s005,1
u00201,s006,1
u00201,s007,0
u00201,s008,0
u00201,s009,0
u00201,s010,0
u00201,s011,1
u00202,s004,0
u00202,s005,0
u00202,s006,1
u00202,s007,0
u00202,s008,0
u00202,s009,1
u00202,s010,1
u00202,s011,0
u00203,s004,0
u00203,s005,0
u00203,s006,1
u00203,s007,1
u00203,s008,0
u00203,s009,0
u00203,s010,0
u00203,s011,1
u00204,s004,1
u00204,s005,1
u00204,s006,1
u00204,s007,0
u00204,s008,0
u00204,s009,1
u00204,s010,0
u00204,s011,1
u00205,s004,1
u00205,s005,1
u00205,s006,0
u00205,s007,1
u00205,s008,0
u00205,s009,0
u00205,s010,1
u00205,s011,1
u00206,s004,1
u00206,s005,0
u00206,s006,0
u00206,s007,0
u00206,s008,0
u00206,s009,0
u00206,s010,1
u00206,s011,0
u00207,s004,1
u00207,s005,0
u00207,s006,0
u00207,s007,0
u00207,s008,0
u00207,s009,0
u00207,s010,1
u00207,s011,1
u00208,s004,1
u00208,s005,0
u00208,s006,1
u00208,s007,0
u00208,s008,0
u00208,s009,0
u00208,s010,1
u00208,s011,0
u00209,s004,0
u00209,s005,1
u00209,s006,1
u00209,s007,0
u00209,s008,1
u00209,s009,0
u00209,s010,1
u00209,s011,0
u00210,s004,1
u00210,s005,0
u00210,s006,1
u00210,s007,0
u00210,s008,0
u00210,s009,0
u00210,s010,0
u00210,s011,1
u00211,s004,1
u00211,s005,0
u00211,s006,1
u00211,s007,0
u00211,s008,0
u00211,s009,0
u00211,s010,1
u00211,s011,0
u00212,s004,1
u00212,s005,1
u00212,s006,0
u00212,s007,0
u00212,s008,0
u00212,s009,0
u00212,s010,1
u00212,s011,1
u00213,s004,1
u00213,s005,0
u00213,s006,1
u00213,s007,1
u00213,s008,0
u00213,s009,0
u00213,s010,0
u00213,s011,0
u00214,s004,0
u00214,s005,0
u00214,s006,0
u00214,s007,1
u00214,s008,0
u00214,s009,0
u00214,s010,0
u00214,s011,0
u00215,s004,1
u00215,s005,0
u00215,s006,0
u00215,s007,0
u00215,s008,1
u00215,s009,0
u00215,s010,1
u00215,s011,0
u00216,s004,0
u00216,s005,1
u00216,s006,1
u00216,s007,1
u00216,s008,0
u00216,s009,0
u00216,s010,1
u00216,s011,1
u00217,s004,1
u00217,s005,1
u00217,s006,0
u00217,s007,0
u00217,s008,1
u00217,s009,1
u00217,s010,1
u00217,s011,1
u00218,s004,1
u00218,s005,1
u00218,s006,1
u00218,s007,1
u00218,s008,0
u00218,s009,0
u00218,s010,0
u00218,s011,1
u00219,s004,1
u00219,s005,0
u00219,s006,0
u00219,s007,1
u00219,s008,1
u00219,s009,1
u00219,s010,1
u00219,s011,0
u00220,s004,0
u00220,s005,1
u00220,s006,0
u00220,s007,0
u00220,s008,0
u00220,s009,0
u00220,s010,1
u00220,s011,1
u00221,s004,0
u00221,s005,1
u00221,s006,0
u00221,s007,0
u00221,s008,0
u00221,s009,1
u00221,s010,0
u00221,s011,1
u00222,s004,1
u00222,s005,0
u00222,s006,0
u00222,s007,1
u00222,s008,1
u00222,s009,0
u00222,s010,1
u00222,s011,1
u00223,s004,1
u00223,s005,1
u00223,s006,0
u00223,s007,0
u00223,s008,0
u00223,s009,0
u00223,s010,0
u00223,s011,1
u00224,s004,0
u00224,s005,1
u00224,s006,1
u00224,s007,0
u00224,s008,0
u00224,s009,0
u00224,s010,0
u00224,s011,0
u00225,s004,1
u00225,s005,0
u00225,s006,0
u00225,s007,1
u00225,s008,0
u00225,s009,1
u00225,s010,1
u00225,s011,0
u00226,s004,0
u00226,s005,1
u00226,s006,1
u00226,s007,1
u00226,s008,0
u00226,s009,0
u00226,s010,0
u00226,s011,1
u00227,s004,1
u00227,s005,0
u00227,s006,0
u00227,s007,0
u00227,s008,0
u00227,s009,1
u00227,s010,1
u00227,s011,0
u00228,s004,1
u00228,s005,0
u00228,s006,0
u00228,s007,1
u00228,s008,0
u00228,s009,0
u00228,s010,1
u00228,s011,1
u00229,s004,1
u00229,s005,0
u00229,s006,1
u00229,s007,0
u00229,s008,0
u00229,s009,0
u00229,s010,1
u00229,s011,1
u00230,s004,1
u00230,s005,1
u00230,s006,1
u00230,s007,0
u00230,s008,0
u00230,s009,0
u00230,s010,1
u00230,s011,1
u00231,s004,1
u00231,s005,1
u00231,s006,0
u00231,s007,0
u00231,s008,1
u00231,s009,0
u00231,s010,1
u00231,s011,1
u00232,s004,0
u00232,s005,1
u00232,s006,1
u00232,s007,0
u00232,s008,0
u00232,s009,0
u00232,s010,1
u00232,s011,0
u00233,s004,1
u00233,s005,0
u00233,s006,0
u00233,s007,0
u00233,s008,1
u00233,s009,1
u00233,s010,1
u00233,s011,0
u00234,s004,1
u00234,s005,0
u00234,s006,0
u00234,s007,0
u00234,s008,0
u00234,s009,0
u00234,s010,1
u00234,s011,0
u00235,s004,0
u00235,s005,1
u00235,s006,1
u00235,s007,0
u00235,s008,1
u00235,s009,0
u00235,s010,1
u00235,s011,1
u00236,s004,0
u00236,s005,1
u00236,s006,0
u00236,s007,0
u00236,s008,0
u00236,s009,0
u00236,s010,0
u00236,s011,1
u00237,s004,1
u00237,s005,0
u00237,s006,0
u00237,s007,0
u00237,s008,0
u00237,s009,1
u00237,s010,0
u00237,s011,1
u00238,s004,1
u00238,s005,0
u00238,s006,1
u00238,s007,0
u00238,s008,0
u00238,s009,0
u00238,s010,1
u00238,s011,0
u00239,s004,1
u00239,s005,0
u00239,s006,1
u00239,s007,1
u00239,s008,0
u00239,s009,1
u00239,s010,1
u00239,s011,1
u00240,s004,1
u00240,s005,0
u00240,s006,0
u00240,s007,1
u00240,s008,1
u00240,s009,0
u00240,s010,0
u00240,s011,0
u00241,s004,1
u00241,s005,0
u00241,s006,0
u00241,s007,0
u00241,s008,0
u00241,s009,0
u00241,s010,1
u00241,s011,0
u00242,s004,0
u00242,s005,1
u00242,s006,0
u00242,s007,0
u00242,s008,0
u00242,s009,0
u00242,s010,1
u00242,s011,1
u00243,s004,1
u00243,s005,1
u00243,s006,0
u00243,s007,0
u00243,s008,0
u00243,s009,0
u00243,s010,0
u00243,s011,1
u00244,s004,0
u00244,s005,1
u00244,s006,0
u00244,s007,0
u00244,s008,0
u00244,s009,0
u00244,s010,0
u00244,s011,1
u00245,s004,1
u00245,s005,1
u00245,s006,0
u00245,s007,0
u00245,s008,0
u00245,s009,0
u00245,s010,1
u00245,s011,0
u00246,s004,1
u00246,s005,0
u00246,s006,0
u00246,s007,1
u00246,s008,0
u00246,s009,0
u00246,s010,1
u00246,s011,0
u00247,s004,0
u00247,s005,0
u00247,s006,1
u00247,s007,0
u00247,s008,0
u00247,s009,0
u00247,s010,0
u00247,s011,0
u00248,s004,1
u00248,s005,0
u00248,s006,0
u00248,s007,1
u00248,s008,1
u00248,s009,0
u00248,s010,1
u00248,s011,1
u00249,s004,1
u00249,s005,0
u00249,s006,1
u00249,s007,0
u00249,s008,0
u00249,s009,0
u00249,s010,1
u00249,s011,1
u00250,s004,0
u00250,s005,1
u00250,s006,0
u00250,s007,0
u00250,s008,1
u00250,s009,0
u00250,s010,0
u00250,s011,1
u00251,s004,1
u00251,s005,0
u00251,s006,0
u00251,s007,0
u00251,s008,0
u00251,s009,0
u00251,s010,1
u00251,s011,0
u00252,s004,1
u00252,s005,1
u00252,s006,1
u00252,s007,1
u00252,s008,1
u00252,s009,1
u00252,s010,1
u00252,s011,0
u00253,s004,0
u00253,s005,1
u00253,s006,0
u00253,s007,0
u00253,s008,1
u00253,s009,0
u00253,s010,0
u00253,s011,1
u00254,s004,0
u00254,s005,1
u00254,s006,0
u00254,s007,0
u00254,s008,1
u00254,s009,0
u00254,s010,1
u00254,s011,0
u00255,s004,1
u00255,s005,0
u00255,s006,1
u00255,s007,0
u00255,s008,0
u00255,s009,1
u00255,s010,1
u00255,s011,0
u00256,s004,1
u00256,s005,0
u00256,s006,0
u00256,s007,1
u00256,s008,1
u00256,s009,0
u00256,s010,0
u00256,s011,0
u00257,s004,0
u00257,s005,0
u00257,s006,1
u00257,s007,0
u00257,s008,1
u00257,s009,1
u00257,s010,0
u00257,s011,1
u00258,s004,1
u00258,s005,0
u00258,s006,1
u00258,s007,0
u00258,s008,1
u00258,s009,0
u00258,s010,1
u00258,s011,0
u00259,s004,0
u00259,s005,1
u00259,s006,0
u00259,s007,0
u00259,s008,0
u00259,s009,1
u00259,s010,0
u00259,s011,0
u00260,s004,1
u00260,s005,1
u00260,s006,0
u00260,s007,0
u00260,s008,1
u00260,s009,0
u00260,s010,1
u00260,s011,1
u00261,s004,0
u00261,s005,0
u00261,s006,0
u00261,s007,0
u00261,s008,1
u00261,s009,0
u00261,s010,1
u00261,s011,1
u00262,s004,1
u00262,s005,0
u00262,s006,1
u00262,s007,1
u00262,s008,0
u00262,s009,0
u00262,s010,1
u00262,s011,0
u00263,s004,1
u00263,s005,0
u00263,s006,0
u00263,s007,0
u00263,s008,1
u00263,s009,0
u00263,s010,0
u00263,s011,0
u00264,s004,1
u00264,s005,0
u00264,s006,1
u00264,s007,0
u00264,s008,0
u00264,s009,0
u00264,s010,1
u00264,s011,0
u00265,s004,0
u00265,s005,0
u00265,s006,0
u00265,s007,1
u00265,s008,1
u00265,s009,1
u00265,s010,0
u00265,s011,0
u00266,s004,1
u00266,s005,0
u00266,s006,1
u00266,s007,0
u00266,s008,0
u00266,s009,0
u00266,s010,1
u00266,s011,0
u00267,s004,1
u00267,s005,0
u00267,s006,0
u00267,s007,1
u00267,s008,0
u00267,s009,0
u00267,s010,1
u00267,s011,0
u00268,s004,1
u00268,s005,0
u00268,s006,0
u00268,s007,0
u00268,s008,1
u00268,s009,1
u00268,s010,1
u00268,s011,0
u00269,s004,1
u00269,s005,1
u00269,s006,1
u00269,s007,0
u00269,s008,0
u00269,s009,1
u00269,s010,1
u00269,s011,1
u00270,s004,1
u00270,s005,0
u00270,s006,0
u00270,s007,0
u00270,s008,0
u00270,s009,0
u00270,s010,1
u00270,s011,0
u00271,s004,1
u00271,s005,1
u00271,s006,0
u00271,s007,0
u00271,s008,1
u00271,s009,0
u00271,s010,1
u00271,s011,1
u00272,s004,1
u00272,s005,1
u00272,s006,0
u00272,s007,0
u00272,s008,1
u00272,s009,1
u00272,s010,0
u00272,s011,0
u00273,s004,1
u00273,s005,0
u00273,s006,0
u00273,s007,0
u00273,s008,0
u00273,s009,0
u00273,s010,1
u00273,s011,0
u00274,s004,1
u00274,s005,1
u00274,s006,0
u00274,s007,0
u00274,s008,0
u00274,s009,0
u00274,s010,0
u00274,s011,1
u00275,s004,0
u00275,s005,1
u00275,s006,1
u00275,s007,1
u00275,s008,1
u00275,s009,1
u00275,s010,1
u00275,s011,1
u00276,s004,0
u00276,s005,0
u00276,s006,1
u00276,s007,0
u00276,s008,0
u00276,s009,0
u00276,s010,0
u00276,s011,0
u00277,s004,0
u00277,s005,0
u00277,s006,1
u00277,s007,0
u00277,s008,0
u00277,s009,0
u00277,s010,1
u00277,s011,0
u00278,s004,1
u00278,s005,1
u00278,s006,0
u00278,s007,0
u00278,s008,0
u00278,s009,1
u00278,s010,0
u00278,s011,1
u00279,s004,1
u00279,s005,1
u00279,s006,0
u00279,s007,0
u00279,s008,0
u00279,s009,0
u00279,s010,1
u00279,s011,0
u00280,s004,1
u00280,s005,1
u00280,s006,0
u00280,s007,0
u00280,s008,1
u00280,s009,0
u00280,s010,1
u00280,s011,0
u00281,s004,1
u00281,s005,1
u00281,s006,1
u00281,s007,1
u00281,s008,0
u00281,s009,1
u00281,s010,0
u00281,s011,1
u00282,s004,1
u00282,s005,0
u00282,s006,1
u00282,s007,0
u00282,s008,0
u00282,s009,0
u00282,s010,1
u00282,s011,0
u00283,s004,0
u00283,s005,1
u00283,s006,0
u00283,s007,0
u00283,s008,0
u00283,s009,1
u00283,s010,0
u00283,s011,1
u00284,s004,0
u00284,s005,0
u00284,s006,1
u00284,s007,1
u00284,s008,0
u00284,s009,0
u00284,s010,0
u00284,s011,1
u00285,s004,1
u00285,s005,1
u00285,s006,0
u00285,s007,0
u00285,s008,0
u00285,s009,0
u00285,s010,0
u00285,s011,1
u00286,s004,1
u00286,s005,1
u00286,s006,1
u00286,s007,0
u00286,s008,0
u00286,s009,0
u00286,s010,0
u00286,s011,0
u00287,s004,1
u00287,s005,0
u00287,s006,1
u00287,s007,0
u00287,s008,0
u00287,s009,0
u00287,s010,0
u00287,s011,0
u00288,s004,1
u00288,s005,0
u00288,s006,0
u00288,s007,0
u00288,s008,0
u00288,s009,0
u00288,s010,1
u00288,s011,1
u00289,s004,0
u00289,s005,0
u00289,s006,1
u00289,s007,1
u00289,s008,1
u00289,s009,1
u00289,s010,1
u00289,s011,1
u00290,s004,1
u00290,s005,0
u00290,s006,0
u00290,s007,0
u00290,s008,0
u00290,s009,0
u00290,s010,1
u00290,s011,0
u00291,s004,1
u00291,s005,0
u00291,s006,0
u00291,s007,0
u00291,s008,0
u00291,s009,1
u00291,s010,0
u00291,s011,0
u00292,s004,0
u00292,s005,1
u00292,s006,0
u00292,s007,0
u00292,s008,0
u00292,s009,0
u00292,s010,0
u00292,s011,1
u00293,s004,1
u00293,s005,0
u00293,s006,0
u00293,s007,1
u00293,s008,1
u00293,s009,1
u00293,s010,1
u00293,s011,0
u00294,s004,1
u00294,s005,0
u00294,s006,0
u00294,s007,1
u00294,s008,0
u00294,s009,1
u00294,s010,1
u00294,s011,0
u00295,s004,0
u00295,s005,1
u00295,s006,0
u00295,s007,1
u00295,s008,0
u00295,s009,0
u00295,s010,0
u00295,s011,1
u00296,s004,1
u00296,s005,0
u00296,s006,1
u00296,s007,0
u00296,s008,0
u00296,s009,1
u00296,s010,1
u00296,s011,0
u00297,s004,0
u00297,s005,0
u00297,s006,0
u00297,s007,1
u00297,s008,0
u00297,s009,0
u00297,s010,1
u00297,s011,0
u00298,s004,1
u00298,s005,0
u00298,s006,1
u00298,s007,0
u00298,s008,0
u00298,s009,1
u00298,s010,1
u00298,s011,0
u00299,s004,0
u00299,s005,1
u00299,s006,1
u00299,s007,0
u00299,s008,0
u00299,s009,0
u00299,s010,0
u00299,s011,1
u00300,s004,1
u00300,s005,0
u00300,s006,0
u00300,s007,0
u00300,s008,0
u00300,s009,0
u00300,s010,1
u00300,s011,1
u00301,s004,0
u00301,s005,1
u00301,s006,0
u00301,s007,0
u00301,s008,0
u00301,s009,0
u00301,s010,0
u00301,s011,1
u00302,s004,1
u00302,s005,0
u00302,s006,0
u00302,s007,0
u00302,s008,0
u00302,s009,0
u00302,s010,1
u00302,s011,0
u00303,s004,0
u00303,s005,0
u00303,s006,0
u00303,s007,0
u00303,s008,1
u00303,s009,0
u00303,s010,0
u00303,s011,0
u00304,s004,0
u00304,s005,1
u00304,s006,0
u00304,s007,0
u00304,s008,0
u00304,s009,1
u00304,s010,1
u00304,s011,1
u00305,s004,0
u00305,s005,1
u00305,s006,0
u00305,s007,0
u00305,s008,0
u00305,s009,0
u00305,s010,0
u00305,s011,1
u00306,s004,1
u00306,s005,0
u00306,s006,0
u00306,s007,1
u00306,s008,0
u00306,s009,0
u00306,s010,1
u00306,s011,0
u00307,s004,0
u00307,s005,1
u00307,s006,0
u00307,s007,1
u00307,s008,1
u00307,s009,0
u00307,s010,1
u00307,s011,0
u00308,s004,0
u00308,s005,0
u00308,s006,1
u00308,s007,1
u00308,s008,1
u00308,s009,0
u00308,s010,0
u00308,s011,0
u00309,s004,1
u00309,s005,0
u00309,s006,0
u00309,s007,0
u00309,s008,0
u00309,s009,0
u00309,s010,1
u00309,s011,0
u00310,s004,1
u00310,s005,1
u00310,s006,0
u00310,s007,1
u00310,s008,0
u00310,s009,0
u00310,s010,1
u00310,s011,0
u00311,s004,0
u00311,s005,1
u00311,s006,1
u00311,s007,0
u00311,s008,0
u00311,s009,0
u00311,s010,0
u00311,s011,1
u00312,s004,1
u00312,s005,1
u00312,s006,0
u00312,s007,1
u00312,s008,0
u00312,s009,0
u00312,s010,0
u00312,s011,1
u00313,s004,0
u00313,s005,0
u00313,s006,1
u00313,s007,1
u00313,s008,0
u00313,s009,0
u00313,s010,0
u00313,s011,1
u00314,s004,1
u00314,s005,0
u00314,s006,0
u00314,s007,0
u00314,s008,1
u00314,s009,1
u00314,s010,1
u00314,s011,0
u00315,s004,1
u00315,s005,0
u00315,s006,1
u00315,s007,1
u00315,s008,1
u00315,s009,0
u00315,s010,1
u00315,s011,0
u00316,s004,1
u00316,s005,0
u00316,s006,0
u00316,s007,0
u00316,s008,0
u00316,s009,0
u00316,s010,1
u00316,s011,0
u00317,s004,1
u00317,s005,0
u00317,s006,0
u00317,s007,0
u00317,s008,1
u00317,s009,0
u00317,s010,1
u00317,s011,0
u00318,s004,1
u00318,s005,0
u00318,s006,1
u00318,s007,0
u00318,s008,0
u00318,s009,1
u00318,s010,1
u00318,s011,0
u00319,s004,0
u00319,s005,1
u00319,s006,0
u00319,s007,0
u00319,s008,1
u00319,s009,1
u00319,s010,0
u00319,s011,1
u00320,s004,0
u00320,s005,0
u00320,s006,1
u00320,s007,0
u00320,s008,0
u00320,s009,0
u00320,s010,0
u00320,s011,1
u00321,s004,0
u00321,s005,0
u00321,s006,1
u00321,s007,0
u00321,s008,1
u00321,s009,1
u00321,s010,0
u00321,s011,0
u00322,s004,1
u00322,s005,1
u00322,s006,0
u00322,s007,1
u00322,s008,0
u00322,s009,0
u00322,s010,1
u00322,s011,0
u00323,s004,1
u00323,s005,1
u00323,s006,0
u00323,s007,0
u00323,s008,0
u00323,s009,0
u00323,s010,0
u00323,s011,1
u00324,s004,0
u00324,s005,1
u00324,s006,0
u00324,s007,0
u00324,s008,0
u00324,s009,1
u00324,s010,0
u00324,s011,1
u00325,s004,1
u00325,s005,0
u00325,s006,1
u00325,s007,0
u00325,s008,1
u00325,s009,0
u00325,s010,1
u00325,s011,0
u00326,s004,0
u00326,s005,0
u00326,s006,0
u00326,s007,1
u00326,s008,1
u00326,s009,1
u00326,s010,0
u00326,s011,1
u00327,s004,1
u00327,s005,0
u00327,s006,0
u00327,s007,0
u00327,s008,1
u00327,s009,1
u00327,s010,1
u00327,s011,0
u00328,s004,1
u00328,s005,0
u00328,s006,0
u00328,s007,0
u00328,s008,0
u00328,s009,0
u00328,s010,1
u00328,s011,0
u00329,s004,1
u00329,s005,1
u00329,s006,0
u00329,s007,0
u00329,s008,1
u00329,s009,0
u00329,s010,1
u00329,s011,0
u00330,s004,1
u00330,s005,1
u00330,s006,0
u00330,s007,1
u00330,s008,0
u00330,s009,0
u00330,s010,1
u00330,s011,0
u00331,s004,0
u00331,s005,0
u00331,s006,1
u00331,s007,0
u00331,s008,1
u00331,s009,0
u00331,s010,0
u00331,s011,1
u00332,s004,1
u00332,s005,0
u00332,s006,0
u00332,s007,0
u00332,s008,1
u00332,s009,0
u00332,s010,1
u00332,s011,0
u00333,s004,0
u00333,s005,0
u00333,s006,1
u00333,s007,1
u00333,s008,1
u00333,s009,1
u00333,s010,0
u00333,s011,0
u00334,s004,0
u00334,s005,0
u00334,s006,1
u00334,s007,1
u00334,s008,0
u00334,s009,0
u00334,s010,0
u00334,s011,1
u00335,s004,0
u00335,s005,0
u00335,s006,0
u00335,s007,1
u00335,s008,1
u00335,s009,1
u00335,s010,0
u00335,s011,1
u00336,s004,1
u00336,s005,0
u00336,s006,0
u00336,s007,0
u00336,s008,0
u00336,s009,0
u00336,s010,1
u00336,s011,0
u00337,s004,0
u00337,s005,0
u00337,s006,1
u00337,s007,1
u00337,s008,0
u00337,s009,0
u00337,s010,1
u00337,s011,1
u00338,s004,0
u00338,s005,1
u00338,s006,1
u00338,s007,0
u00338,s008,0
u00338,s009,1
u00338,s010,1
u00338,s011,1
u00339,s004,1
u00339,s005,0
u00339,s006,0
u00339,s007,1
u00339,s008,0
u00339,s009,1
u00339,s010,1
u00339,s011,0
u00340,s004,0
u00340,s005,1
u00340,s006,0
u00340,s007,0
u00340,s008,0
u00340,s009,0
u00340,s010,0
u00340,s011,1
u00341,s004,1
u00341,s005,0
u00341,s006,0
u00341,s007,0
u00341,s008,0
u00341,s009,1
u00341,s010,1
u00341,s011,1
u00342,s004,1
u00342,s005,0
u00342,s006,0
u00342,s007,0
u00342,s008,0
u00342,s009,0
u00342,s010,1
u00342,s011,0
u00343,s004,1
u00343,s005,0
u00343,s006,1
u00343,s007,0
u00343,s008,1
u00343,s009,0
u00343,s010,1
u00343,s011,1
u00344,s004,1
u00344,s005,0
u00344,s006,0
u00344,s007,1
u00344,s008,0
u00344,s009,0
u00344,s010,1
u00344,s011,1
u00345,s004,0
u00345,s005,1
u00345,s006,0
u00345,s007,0
u00345,s008,0
u00345,s009,1
u00345,s010,1
u00345,s011,1
u00346,s004,0
u00346,s005,1
u00346,s006,1
u00346,s007,0
u00346,s008,1
u00346,s009,0
u00346,s010,0
u00346,s011,1
u00347,s004,1
u00347,s005,0
u00347,s006,0
u00347,s007,0
u00347,s008,0
u00347,s009,0
u00347,s010,1
u00347,s011,1
u00348,s004,0
u00348,s005,1
u00348,s006,0
u00348,s007,1
u00348,s008,1
u00348,s009,0
u00348,s010,0
u00348,s011,1
u00349,s004,1
u00349,s005,0
u00349,s006,0
u00349,s007,0
u00349,s008,1
u00349,s009,0
u00349,s010,1
u00349,s011,0
u00350,s004,1
u00350,s005,1
u00350,s006,0
u00350,s007,0
u00350,s008,0
u00350,s009,0
u00350,s010,1
u00350,s011,0
u00351,s004,1
u00351,s005,0
u00351,s006,1
u00351,s007,0
u00351,s008,0
u00351,s009,0
u00351,s010,1
u00351,s011,0
u00352,s004,0
u00352,s005,1
u00352,s006,1
u00352,s007,1
u00352,s008,0
u00352,s009,0
u00352,s010,1
u00352,s011,1
u00353,s004,0
u00353,s005,0
u00353,s006,1
u00353,s007,0
u00353,s008,0
u00353,s009,0
u00353,s010,0
u00353,s011,1
u00354,s004,1
u00354,s005,0
u00354,s006,0
u00354,s007,0
u00354,s008,0
u00354,s009,0
u00354,s010,1
u00354,s011,0
u00355,s004,0
u00355,s005,0
u00355,s006,0
u00355,s007,1
u00355,s008,1
u00355,s009,0
u00355,s010,0
u00355,s011,0
u00356,s004,0
u00356,s005,1
u00356,s006,0
u00356,s007,1
u00356,s008,0
u00356,s009,1
u00356,s010,0
u00356,s011,0
u00357,s004,1
u00357,s005,0
u00357,s006,0
u00357,s007,1
u00357,s008,0
u00357,s009,1
u00357,s010,1
u00357,s011,0
u00358,s004,1
u00358,s005,1
u00358,s006,1
u00358,s007,0
u00358,s008,0
u00358,s009,0
u00358,s010,0
u00358,s011,1
u00359,s004,1
u00359,s005,0
u00359,s006,0
u00359,s007,0
u00359,s008,0
u00359,s009,1
u00359,s010,0
u00359,s011,1
u00360,s004,1
u00360,s005,1
u00360,s006,0
u00360,s007,0
u00360,s008,0
u00360,s009,0
u00360,s010,1
u00360,s011,1
u00361,s004,1
u00361,s005,0
u00361,s006,1
u00361,s007,0
u00361,s008,0
u00361,s009,1
u00361,s010,0
u00361,s011,0
u00362,s004,0
u00362,s005,1
u00362,s006,0
u00362,s007,1
u00362,s008,1
u00362,s009,1
u00362,s010,0
u00362,s011,0
u00363,s004,0
u00363,s005,1
u00363,s006,0
u00363,s007,0
u00363,s008,0
u00363,s009,1
u00363,s010,0
u00363,s011,1
u00364,s004,0
u00364,s005,1
u00364,s006,1
u00364,s007,0
u00364,s008,1
u00364,s009,0
u00364,s010,0
u00364,s011,0
u00365,s004,1
u00365,s005,0
u00365,s006,0
u00365,s007,0
u00365,s008,0
u00365,s009,0
u00365,s010,1
u00365,s011,0
u00366,s004,1
u00366,s005,1
u00366,s006,0
u00366,s007,1
u00366,s008,0
u00366,s009,0
u00366,s010,1
u00366,s011,0
u00367,s004,1
u00367,s005,0
u00367,s006,0
u00367,s007,0
u00367,s008,0
u00367,s009,0
u00367,s010,1
u00367,s011,0
u00368,s004,0
u00368,s005,1
u00368,s006,0
u00368,s007,0
u00368,s008,1
u00368,s009,0
u00368,s010,0
u00368,s011,1
u00369,s004,1
u00369,s005,1
u00369,s006,0
u00369,s007,0
u00369,s008,0
u00369,s009,0
u00369,s010,0
u00369,s011,1
u00370,s004,1
u00370,s005,0
u00370,s006,0
u00370,s007,1
u00370,s008,1
u00370,s009,0
u00370,s010,1
u00370,s011,0
u00371,s004,1
u00371,s005,1
u00371,s006,0
u00371,s007,0
u00371,s008,0
u00371,s009,0
u00371,s010,1
u00371,s011,0
u00372,s004,1
u00372,s005,0
u00372,s006,0
u00372,s007,0
u00372,s008,0
u00372,s009,0
u00372,s010,1
u00372,s011,1
u00373,s004,0
u00373,s005,0
u00373,s006,0
u00373,s007,1
u00373,s008,1
u00373,s009,0
u00373,s010,1
u00373,s011,1
u00374,s004,1
u00374,s005,0
u00374,s006,0
u00374,s007,0
u00374,s008,0
u00374,s009,1
u00374,s010,1
u00374,s011,0
u00375,s004,1
u00375,s005,0
u00375,s006,0
u00375,s007,0
u00375,s008,0
u00375,s009,0
u00375,s010,1
u00375,s011,0
u00376,s004,0
u00376,s005,1
u00376,s006,1
u00376,s007,0
u00376,s008,0
u00376,s009,0
u00376,s010,0
u00376,s011,0
u00377,s004,0
u00377,s005,1
u00377,s006,1
u00377,s007,0
u00377,s008,0
u00377,s009,0
u00377,s010,0
u00377,s011,0
u00378,s004,1
u00378,s005,1
u00378,s006,0
u00378,s007,0
u00378,s008,0
u00378,s009,0
u00378,s010,1
u00378,s011,0
u00379,s004,0
u00379,s005,1
u00379,s006,0
u00379,s007,0
u00379,s008,0
u00379,s009,1
u00379,s010,0
u00379,s011,0
u00380,s004,1
u00380,s005,0
u00380,s006,0
u00380,s007,1
u00380,s008,0
u00380,s009,0
u00380,s010,1
u00380,s011,0
u00381,s004,1
u00381,s005,0
u00381,s006,1
u00381,s007,0
u00381,s008,0
u00381,s009,0
u00381,s010,1
u00381,s011,0
u00382,s004,1
u00382,s005,1
u00382,s006,0
u00382,s007,1
u00382,s008,0
u00382,s009,0
u00382,s010,1
u00382,s011,0
u00383,s004,1
u00383,s005,1
u00383,s006,0
u00383,s007,0
u00383,s008,1
u00383,s009,0
u00383,s010,1
u00383,s011,0
u00384,s004,1
u00384,s005,0
u00384,s006,1
u00384,s007,0
u00384,s008,0
u00384,s009,1
u00384,s010,0
u00384,s011,1
u00385,s004,0
u00385,s005,1
u00385,s006,1
u00385,s007,0
u00385,s008,0
u00385,s009,0
u00385,s010,0
u00385,s011,0
u00386,s004,0
u00386,s005,1
u00386,s006,1
u00386,s007,0
u00386,s008,1
u00386,s009,0
u00386,s010,0
u00386,s011,0
u00387,s004,0
u00387,s005,0
u00387,s006,1
u00387,s007,0
u00387,s008,0
u00387,s009,0
u00387,s010,0
u00387,s011,0
u00388,s004,1
u00388,s005,0
u00388,s006,0
u00388,s007,0
u00388,s008,0
u00388,s009,0
u00388,s010,1
u00388,s011,0
u00389,s004,0
u00389,s005,0
u00389,s006,0
u00389,s007,0
u00389,s008,1
u00389,s009,0
u00389,s010,0
u00389,s011,0
u00390,s004,0
u00390,s005,1
u00390,s006,0
u00390,s007,0
u00390,s008,0
u00390,s009,0
u00390,s010,0
u00390,s011,1
u00391,s004,1
u00391,s005,0
u00391,s006,0
u00391,s007,1
u00391,s008,1
u00391,s009,0
u00391,s010,1
u00391,s011,0
u00392,s004,1
u00392,s005,0
u00392,s006,0
u00392,s007,0
u00392,s008,0
u00392,s009,0
u00392,s010,1
u00392,s011,0
u00393,s004,0
u00393,s005,1
u00393,s006,0
u00393,s007,1
u00393,s008,0
u00393,s009,1
u00393,s010,0
u00393,s011,1
u00394,s004,1
u00394,s005,1
u00394,s006,0
u00394,s007,1
u00394,s008,0
u00394,s009,0
u00394,s010,1
u00394,s011,0
u00395,s004,1
u00395,s005,0
u00395,s006,0
u00395,s007,0
u00395,s008,1
u00395,s009,0
u00395,s010,1
u00395,s011,1
u00396,s004,1
u00396,s005,0
u00396,s006,0
u00396,s007,1
u00396,s008,0
u00396,s009,0
u00396,s010,1
u00396,s011,0
u00397,s004,0
u00397,s005,0
u00397,s006,1
u00397,s007,0
u00397,s008,0
u00397,s009,1
u00397,s010,0
u00397,s011,0
u00398,s004,1
u00398,s005,0
u00398,s006,0
u00398,s007,0
u00398,s008,1
u00398,s009,0
u00398,s010,1
u00398,s011,0
u00399,s004,0
u00399,s005,0
u00399,s006,0
u00399,s007,0
u00399,s008,1
u00399,s009,0
u00399,s010,0
u00399,s011,0
